algorithm,pattern,dataset_id,ssr,randi,nmi,mae,time
RegionKModels,Rectangular,0,639.1885371637031,0.7387179487179487,0.3183124766208833,0.9908554999790474,0.0628814697265625
RegionKModels,Rectangular,1,343.1782301530935,0.7500820512820513,0.5430817813387399,0.6683331009108995,0.09419941902160645
RegionKModels,Rectangular,2,279.294779236001,0.8461589743589744,0.619275182665878,0.5548618569260718,0.05318903923034668
RegionKModels,Voronoi,50,158.92988172943774,0.7553179487179488,0.45140959038596606,0.7331655475210851,0.03582501411437988
RegionKModels,Voronoi,51,375.5220865131845,0.7465487179487179,0.525069019404636,0.618353273978267,0.03331708908081055
RegionKModels,Voronoi,52,383.61529223029794,0.8173282051282051,0.5645689203860338,0.6764614337148555,0.04723858833312988
RegionKModels,Arbitrary,100,748.8786831481299,0.7341435897435897,0.32072525722338285,0.9860573771870317,0.031554222106933594
RegionKModels,Arbitrary,101,93.10829345117236,0.7853743589743589,0.497637048058714,0.6336111091926543,0.015622138977050781
RegionKModels,Arbitrary,102,171.06476540132127,0.8697435897435898,0.6175911451827973,0.35427121005651413,0.052414655685424805
AZP,Rectangular,0,467.30845832595,0.7874666666666666,0.45888084902193327,0.8097398857876321,1.7897467613220215
AZP,Rectangular,1,128.8111131605679,0.8136564102564102,0.627701318778218,0.4984300087931583,1.522395372390747
AZP,Rectangular,2,318.0547712714151,0.7935794871794872,0.44632757493668057,0.7082075855858595,2.1015985012054443
AZP,Voronoi,50,82.15365939440888,0.8570717948717949,0.6761220505629065,0.36858986890445267,0.8784313201904297
AZP,Voronoi,51,226.98248788272838,0.7812051282051282,0.5602105464805774,0.5409129491361749,1.0838241577148438
AZP,Voronoi,52,245.69862637676422,0.8336769230769231,0.6148325386333372,0.5034557378203808,1.9221763610839844
AZP,Arbitrary,100,175.20482836074768,0.8880205128205129,0.7037983004055549,0.46097829272394686,1.1327075958251953
AZP,Arbitrary,101,71.25126605547287,0.799174358974359,0.4906509534040496,0.5414725009114792,1.2229275703430176
AZP,Arbitrary,102,175.5089754110372,0.8159128205128205,0.5714047151531462,0.4998242400080072,1.1984686851501465
AZP,Rectangular,3,291.9218339934892,0.7944256410256411,0.4948742512721212,0.5844437522423125,1.0627694129943848
AZP,Rectangular,4,78.2431581195342,0.7744564102564102,0.4257324486792934,0.5537045854826365,0.9950077533721924
AZP,Rectangular,5,82.61013941359512,0.8977897435897436,0.7280768309728017,0.3254331976232045,1.5431809425354004
AZP,Rectangular,6,119.97833869038814,0.8250820512820513,0.5382302846275634,0.6439077427900676,0.7988772392272949
AZP,Rectangular,7,360.37608626007705,0.8098358974358975,0.48886770607006796,0.6907689301027198,1.4674890041351318
AZP,Rectangular,8,191.65075373745208,0.8084256410256411,0.468309202059506,0.6892132464736976,1.6032135486602783
AZP,Rectangular,9,252.51851408535748,0.8024358974358974,0.40390971234859624,0.7616304718274267,1.316298246383667
AZP,Rectangular,10,255.24056500255122,0.842425641025641,0.5770090103654463,0.9888881167803504,1.0684900283813477
AZP,Rectangular,11,175.13350042779354,0.7822615384615385,0.43774164377886854,0.8699690930847748,1.374997854232788
AZP,Rectangular,12,221.50465042856436,0.7650051282051282,0.35918408115966743,0.9686268803050517,1.4178247451782227
AZP,Rectangular,13,205.2861311224678,0.8357948717948718,0.585064433229996,0.6240023205052772,1.4038190841674805
AZP,Rectangular,14,295.3939550955553,0.8276871794871795,0.590895871753996,0.5736612216074858,1.519871473312378
AZP,Rectangular,15,249.15095801464093,0.7713846153846153,0.38819372359058285,0.8534239381695116,2.1671433448791504
AZP,Rectangular,16,216.4718599593015,0.7739846153846154,0.4092942163872374,1.08575130921698,2.5850331783294678
AZP,Rectangular,17,435.4251316798628,0.7469948717948718,0.29304258734199234,1.0045275208212934,1.4209938049316406
AZP,Rectangular,18,167.06205881273291,0.8091128205128205,0.5433363552620236,0.8575382041842642,1.118459939956665
AZP,Rectangular,19,301.82498635302494,0.7760974358974359,0.3871515208697743,0.9729959922239144,1.409583330154419
AZP,Rectangular,20,319.8253699641993,0.784774358974359,0.5579905120884352,0.6042519525182681,1.4864342212677002
AZP,Rectangular,21,344.99937471031046,0.7898923076923077,0.4618329029513386,0.7444524299354278,1.330329418182373
AZP,Rectangular,22,494.5984790825614,0.7489333333333333,0.33217461761392275,1.1166604517484398,1.6475236415863037
AZP,Rectangular,23,327.32648884551196,0.8147333333333333,0.5171286304606141,0.7203767337740825,1.5612540245056152
AZP,Rectangular,24,210.79776757122198,0.762974358974359,0.36882890125315726,0.8970866339754908,1.2958471775054932
AZP,Rectangular,25,166.2525466477262,0.8724820512820513,0.7013059086523381,0.42347547849719797,1.9489822387695312
AZP,Rectangular,26,181.83025550406435,0.856051282051282,0.5849794703231742,0.524174329027649,1.9690535068511963
AZP,Rectangular,27,441.3383662013507,0.784148717948718,0.530975004933084,0.7182299045609449,2.0152175426483154
AZP,Rectangular,28,152.91202416629207,0.8822461538461538,0.6864138843787138,0.40992249252127205,2.3567490577697754
AZP,Rectangular,29,212.81623178403908,0.7663025641025641,0.39992653499740605,0.830245991041937,2.2463791370391846
AZP,Rectangular,30,147.53026060630447,0.7493025641025641,0.3174085886881089,0.8656483332002372,1.5357027053833008
AZP,Rectangular,31,354.48414436294786,0.7868564102564103,0.44068781185336425,0.7763226537413997,1.7516114711761475
AZP,Rectangular,32,250.0644571270034,0.7328666666666667,0.21486069007308725,1.0642712417422409,2.619663953781128
AZP,Rectangular,33,442.04710112912176,0.7474153846153846,0.39848675653553456,0.7133171337448557,1.2122576236724854
AZP,Rectangular,34,114.7041716451418,0.8344461538461538,0.5950944730349894,0.46812755544153933,1.5342037677764893
AZP,Rectangular,35,409.8375085500585,0.7658,0.37803158804212333,0.9826236196586913,2.535390615463257
AZP,Rectangular,36,188.88205893954049,0.8364051282051282,0.5727801457500016,0.4289697384112328,2.036292314529419
AZP,Rectangular,37,197.51603546141445,0.7947076923076923,0.4432769048366575,0.6316147701757644,1.4383108615875244
AZP,Rectangular,38,241.42308275894808,0.7897076923076923,0.40172007195319376,0.8842703702003061,2.197801113128662
AZP,Rectangular,39,123.73301190969855,0.8591128205128206,0.622501787049935,0.46154224699884616,2.6183488368988037
AZP,Rectangular,40,377.69940546629766,0.7784153846153846,0.40401290138226037,0.645620821954547,1.5683989524841309
AZP,Rectangular,41,179.1328195793889,0.8935487179487179,0.7105588630799663,0.344716564233727,2.039229154586792
AZP,Rectangular,42,256.22493654119216,0.8149128205128205,0.5217360644094243,0.682775897694521,1.3478047847747803
AZP,Rectangular,43,270.6748923247086,0.7996461538461539,0.49422732523083496,0.7769927413586792,2.239635944366455
AZP,Rectangular,44,339.74906542032505,0.7896358974358975,0.43674532821420203,0.9596380171905011,2.251673936843872
AZP,Rectangular,45,293.8576073651544,0.7766,0.47838983227900894,0.8771044595397941,3.032179594039917
AZP,Rectangular,46,257.98994234597444,0.9061948717948718,0.7349731072330825,0.44365868795934804,2.8273119926452637
AZP,Rectangular,47,192.39773982117094,0.8179692307692308,0.5383806235697358,0.7919659460767483,0.9016270637512207
AZP,Rectangular,48,111.56782220635168,0.8246923076923077,0.5463106320109881,0.5338249235628413,1.2944111824035645
AZP,Rectangular,49,287.6784768923619,0.8198307692307693,0.5008583493146566,0.651241201369764,2.604306221008301
AZP,Voronoi,53,352.67943669522884,0.8792307692307693,0.6779736014890841,0.39173725945987975,1.8891956806182861
AZP,Voronoi,54,233.91530891275735,0.8485384615384616,0.630324748203649,0.4959693983326726,1.8862857818603516
AZP,Voronoi,55,148.3061605805003,0.7970871794871794,0.5991884741324056,0.3656235767248189,2.0857350826263428
AZP,Voronoi,56,345.8161458094184,0.7850871794871794,0.484286342321007,0.7840892391696568,1.1622707843780518
AZP,Voronoi,57,151.4900703249122,0.8844512820512821,0.6962998978898401,0.36910550786804913,1.0778844356536865
AZP,Voronoi,58,179.74939856596237,0.8030102564102564,0.5592282203380768,0.6166860695272871,0.8070852756500244
AZP,Voronoi,59,132.0823477874195,0.8299948717948717,0.6542218784146274,0.44722581212119183,2.4570717811584473
AZP,Voronoi,60,264.352716969648,0.7825128205128206,0.5351744055231425,0.9059385879778247,1.0303497314453125
AZP,Voronoi,61,295.54395032564196,0.8021179487179487,0.5049629232779015,0.6471153282875151,0.7675631046295166
AZP,Voronoi,62,143.13523210106936,0.8251692307692308,0.6233715585298073,0.5207364303901475,1.1954960823059082
AZP,Voronoi,63,113.13893568911041,0.8339025641025641,0.6431885557583291,0.44711351342700645,1.3103694915771484
AZP,Voronoi,64,270.35174391339723,0.803876923076923,0.5498644479196482,0.6356613437005894,0.8190696239471436
AZP,Voronoi,65,249.50052779868207,0.855025641025641,0.6208720038591581,0.56326905641327,1.4844489097595215
AZP,Voronoi,66,194.12238612740802,0.815974358974359,0.573546015795753,0.5803730097979066,1.2499449253082275
AZP,Voronoi,67,235.9533560989811,0.8643076923076923,0.6955788595678446,0.33815079156986233,1.3403258323669434
AZP,Voronoi,68,203.7232419254157,0.7249435897435897,0.3860242466593025,0.7726784806864077,1.4703867435455322
AZP,Voronoi,69,106.74597346694031,0.8377538461538462,0.6086107943553831,0.4860135640441311,1.1694400310516357
AZP,Voronoi,70,128.44969156997297,0.8634871794871795,0.7131637994175866,0.46141924175639,1.1619040966033936
AZP,Voronoi,71,115.6652171077697,0.8714717948717948,0.701827607388261,0.32599148583040805,0.6998472213745117
AZP,Voronoi,72,151.16914562329526,0.8683948717948718,0.6667039417303193,0.4999460992888546,1.4641904830932617
AZP,Voronoi,73,111.64289957712387,0.8838871794871795,0.6853553585092532,0.3177344587932148,1.073396921157837
AZP,Voronoi,74,100.08587087887466,0.8394820512820513,0.702393918242228,0.42689722622384013,0.9659662246704102
AZP,Voronoi,75,143.76084744694202,0.8825641025641026,0.726783826996887,0.3935325134300322,0.9279801845550537
AZP,Voronoi,76,237.59020660569809,0.9341025641025641,0.817766271600611,0.32378233810733725,0.5387063026428223
AZP,Voronoi,77,179.5947948985626,0.7439589743589744,0.4513989570395009,0.5982671622167716,2.288621187210083
AZP,Voronoi,78,295.4548051632374,0.7671538461538462,0.4618461456227097,0.779627465728123,1.3333113193511963
AZP,Voronoi,79,189.26773879218948,0.7953692307692307,0.5698564423030726,0.6104605219315697,1.0333943367004395
AZP,Voronoi,80,157.1132631219062,0.8152205128205128,0.5301410692045296,0.6854343829434031,1.7926888465881348
AZP,Voronoi,81,190.35333116402876,0.8377230769230769,0.6186800137087191,0.5143333503988693,1.1084017753601074
AZP,Voronoi,82,132.8169537347066,0.865902564102564,0.6549872911903305,0.5421591554920394,1.4715642929077148
AZP,Voronoi,83,157.0641922113577,0.8911846153846154,0.6962488649570706,0.5565163979301627,1.1413674354553223
AZP,Voronoi,84,122.90972098358048,0.7801230769230769,0.506268963436463,0.5545775229320021,1.982468605041504
AZP,Voronoi,85,90.69461048938825,0.8884666666666666,0.7549121767725041,0.43165300830216413,0.7065446376800537
AZP,Voronoi,86,174.68705302176548,0.8922615384615384,0.7032668816501192,0.44453472596911225,0.9714345932006836
AZP,Voronoi,87,141.0129915637032,0.8325025641025641,0.5852110978884838,0.5349480757262802,1.2925825119018555
AZP,Voronoi,88,205.19835757034036,0.8890051282051282,0.7144697079027871,0.3779074758751968,2.097081184387207
AZP,Voronoi,89,196.7623158145497,0.7486564102564103,0.3725952587307084,0.7992638754075537,1.187563180923462
AZP,Voronoi,90,140.07170188996528,0.7568,0.5384467367005114,0.5396958820024796,1.5373413562774658
AZP,Voronoi,91,131.39611133025954,0.866851282051282,0.6610163467322085,0.5968866676274773,1.0654687881469727
AZP,Voronoi,92,102.23531475095797,0.786974358974359,0.4883083476530228,0.6056983904821469,1.8077819347381592
AZP,Voronoi,93,214.02896920992737,0.6973435897435898,0.37527124679662105,0.6570168368337005,1.5550477504730225
AZP,Voronoi,94,125.36540722162559,0.8468974358974359,0.6783919041810973,0.6018533320730175,1.275036334991455
AZP,Voronoi,95,355.4952072642927,0.8568820512820513,0.6515225405781314,0.5091283018487249,0.7330913543701172
AZP,Voronoi,96,143.87763708113243,0.7899589743589743,0.4857970838702344,0.6583833264848843,1.3347094058990479
AZP,Voronoi,97,175.89745093875393,0.8161384615384616,0.5902289576422384,0.6621056726883009,1.8010928630828857
AZP,Voronoi,98,280.1344614631261,0.787923076923077,0.5114653869125241,0.6366560941186581,1.7869372367858887
AZP,Voronoi,99,201.349105240653,0.805974358974359,0.5894113106556343,0.4567306736260642,1.878037452697754
AZP,Arbitrary,103,372.1403080345971,0.7877948717948718,0.4051704918364685,0.9078057910145031,2.942535400390625
AZP,Arbitrary,104,239.77279409944606,0.8580307692307693,0.6558458793171223,0.4775275260570208,2.831988573074341
AZP,Arbitrary,105,261.0589025162127,0.7842102564102564,0.4165414296960533,0.8574958405033584,5.049034357070923
AZP,Arbitrary,106,157.35923479151808,0.8895076923076923,0.6738478928213534,0.4963713260270359,3.2507619857788086
AZP,Arbitrary,107,234.86930347914821,0.8075948717948718,0.4599910378006629,0.7601646014379134,4.33392596244812
AZP,Arbitrary,108,214.72825927874445,0.8360820512820513,0.6043184641160063,0.4231772028042924,2.208864450454712
AZP,Arbitrary,109,318.48318087407586,0.8502410256410257,0.5762092939678911,0.5970157839707968,2.842435121536255
AZP,Arbitrary,110,102.58357110083746,0.8996,0.7262060603303393,0.4138600145316501,1.7814059257507324
AZP,Arbitrary,111,268.410591946216,0.9195538461538462,0.7857593073027888,0.35407817425518734,5.189352035522461
AZP,Arbitrary,112,197.08305373812402,0.816123076923077,0.5399068503054751,0.6047897780422864,2.716992139816284
AZP,Arbitrary,113,118.59228874979647,0.8140974358974359,0.5424189863111024,0.6375538031806369,6.49446964263916
AZP,Arbitrary,114,161.12763433992654,0.8382974358974359,0.6312568601900455,0.45990387972517166,4.049344539642334
AZP,Arbitrary,115,134.70953904779896,0.8210974358974359,0.5802959938840007,0.5640279457048208,2.093290090560913
AZP,Arbitrary,116,399.2411793488249,0.8016307692307693,0.4976299588791367,0.7194267385980898,2.252808094024658
AZP,Arbitrary,117,294.67924388867925,0.8942923076923077,0.7137270438933496,0.46226148031263403,0.9735348224639893
AZP,Arbitrary,118,205.88013554337624,0.8112564102564103,0.4882775579478844,0.757519900443122,2.333928346633911
AZP,Arbitrary,119,223.93555444134122,0.7822205128205129,0.43709432638670126,0.7795141092347815,1.3836703300476074
AZP,Arbitrary,120,184.77132068897055,0.8213230769230769,0.5555607094913888,0.6095117102090098,1.0139472484588623
AZP,Arbitrary,121,174.77131799963604,0.8642153846153846,0.6462285736179049,0.5762750355658404,2.4635121822357178
AZP,Arbitrary,122,85.68742654480785,0.8948666666666667,0.7295557622247903,0.3164547079821999,1.7894673347473145
AZP,Arbitrary,123,73.46268656694066,0.8610666666666666,0.6317821211965801,0.37821626696979355,1.229691505432129
AZP,Arbitrary,124,154.56582030051837,0.8552615384615384,0.6191997464624422,0.5543092905884996,2.1735095977783203
AZP,Arbitrary,125,149.45335895090116,0.9224871794871795,0.7609139804383335,0.367330481257222,0.905400276184082
AZP,Arbitrary,126,209.83189691082896,0.7918102564102564,0.5158539945592718,0.886951570023382,1.3826496601104736
AZP,Arbitrary,127,152.25571454227648,0.825825641025641,0.5560997519771834,0.5727135142549072,1.6980538368225098
AZP,Arbitrary,128,83.89588683513938,0.8851538461538462,0.7264909997516864,0.36131893173198243,0.7765069007873535
AZP,Arbitrary,129,238.1287308850984,0.9269692307692308,0.7625299311469402,0.2806093860200833,2.0024476051330566
AZP,Arbitrary,130,224.51321578458743,0.8073538461538462,0.48368552439160584,0.6011719962395525,1.7636816501617432
AZP,Arbitrary,131,133.6005110086449,0.8829435897435898,0.6845388231124032,0.34369682002344454,1.016542673110962
AZP,Arbitrary,132,220.0484299537415,0.8433846153846154,0.6094583509727574,0.418278813762695,3.713073253631592
AZP,Arbitrary,133,133.02462315426422,0.8358923076923077,0.5785939282885811,0.620934810707609,1.0229644775390625
AZP,Arbitrary,134,105.22601442820016,0.8912256410256411,0.7155111010065505,0.27735544112343935,1.7502970695495605
AZP,Arbitrary,135,332.4823161109397,0.8608871794871795,0.6184366370187785,0.5631249324529617,0.890174150466919
AZP,Arbitrary,136,107.80235719126107,0.8268410256410257,0.5735618931813707,0.4999583412228074,1.3220431804656982
AZP,Arbitrary,137,409.3394933937689,0.7961435897435898,0.49215938447389335,0.70226438505571,1.6672098636627197
AZP,Arbitrary,138,146.11742179156306,0.8937384615384616,0.7077708191440656,0.4205519673209711,1.3524696826934814
AZP,Arbitrary,139,197.9870072272248,0.8313487179487179,0.5282151291317786,0.6760718556819898,0.9178042411804199
AZP,Arbitrary,140,126.42584875083841,0.8000666666666667,0.4678904361121306,0.7328862136224089,1.510202407836914
AZP,Arbitrary,141,151.18779542757403,0.7891384615384616,0.5093189502917709,0.6369394077009625,1.5810010433197021
AZP,Arbitrary,142,234.68834123484984,0.8077128205128206,0.46596482428021424,0.754373735487494,2.617377519607544
AZP,Arbitrary,143,310.8747857458866,0.7960102564102564,0.48744740227844835,0.9437235160961965,2.2140209674835205
AZP,Arbitrary,144,119.80061283735347,0.8473487179487179,0.5861931684123406,0.5291304719757276,1.1683886051177979
AZP,Arbitrary,145,154.99530695793783,0.828748717948718,0.5450782863732576,0.886644091536234,1.598630666732788
AZP,Arbitrary,146,233.54142503544855,0.8086923076923077,0.5219880365840848,0.7360594530394272,0.8850297927856445
AZP,Arbitrary,147,206.8402026445265,0.8142,0.537919004691681,0.7043523114710911,1.6479079723358154
AZP,Arbitrary,148,200.97448882045677,0.8413538461538461,0.621253192656423,0.46734373122723083,1.0599477291107178
AZP,Arbitrary,149,268.91507111248035,0.8315076923076923,0.5354929168198479,0.6490990992202746,1.4152889251708984
RegionKModels,Rectangular,3,383.3662098173495,0.7713538461538462,0.3995553110983122,0.6568840908623819,0.06164431571960449
RegionKModels,Rectangular,4,101.85088191937865,0.7688307692307692,0.37993491916455874,0.6692956005165014,0.06293988227844238
RegionKModels,Rectangular,5,304.19494200942506,0.7727794871794872,0.38541868636968296,0.863273419377586,0.05319499969482422
RegionKModels,Rectangular,6,162.33875283754898,0.7978512820512821,0.4838832313304787,0.7393967472618836,0.07622718811035156
RegionKModels,Rectangular,7,510.06697688067777,0.7835794871794872,0.435048413810462,0.9184769375635987,0.04685330390930176
RegionKModels,Rectangular,8,275.20040483669095,0.7833589743589744,0.40588677978274557,0.8406653858344462,0.03122115135192871
RegionKModels,Rectangular,9,485.4609139979798,0.790451282051282,0.478831422040957,0.9986421660074047,0.035260677337646484
RegionKModels,Rectangular,10,328.0009687794494,0.7216051282051282,0.21294134435309023,1.0983363048051549,0.04691767692565918
RegionKModels,Rectangular,11,303.1987762512326,0.7539282051282051,0.33141097532360636,1.1606300980612343,0.022732257843017578
RegionKModels,Rectangular,12,425.63207599011,0.7123641025641025,0.16209201887839078,1.2134999498821153,0.019030332565307617
RegionKModels,Rectangular,13,461.71348103160165,0.8090461538461539,0.4732305276333831,0.7516808982222508,0.05595517158508301
RegionKModels,Rectangular,14,252.01685148928485,0.8147435897435897,0.5967548675471135,0.5409755369889474,0.031736135482788086
RegionKModels,Rectangular,15,287.4266685201715,0.7928512820512821,0.4411803876694839,0.7642191137306691,0.06601905822753906
RegionKModels,Rectangular,16,232.96832054535287,0.8080717948717949,0.49029403993041293,0.9034777563655177,0.03126859664916992
RegionKModels,Rectangular,17,536.1990509227624,0.7740461538461538,0.40485595802948676,0.9245940565156369,0.03130006790161133
RegionKModels,Rectangular,18,310.61306387325135,0.7888461538461539,0.42375141412882006,0.9473881058415579,0.03129863739013672
RegionKModels,Rectangular,19,458.5942331905978,0.7691025641025641,0.38228793683801177,1.1296206131620177,0.031282901763916016
RegionKModels,Rectangular,20,279.5804130742547,0.8734512820512821,0.7036108719802113,0.5966087238664476,0.082427978515625
RegionKModels,Rectangular,21,233.21625536239662,0.8449435897435897,0.637999956286913,0.5999231268752722,0.06984424591064453
RegionKModels,Rectangular,22,526.9447557150588,0.7884666666666666,0.39800485574041705,0.8825208523641229,0.015625
RegionKModels,Rectangular,23,275.4944019754944,0.8212923076923077,0.5338154706594,0.7336326727879605,0.045392751693725586
RegionKModels,Rectangular,24,337.0019960347216,0.7577794871794872,0.35812984873345743,0.999984884045642,0.015658140182495117
RegionKModels,Rectangular,25,304.5781455270627,0.8618461538461538,0.6607317533990513,0.5741377446927176,0.04694414138793945
RegionKModels,Rectangular,26,347.642009633697,0.7872871794871795,0.38647888623645277,0.9502377739930901,0.09517741203308105
RegionKModels,Rectangular,27,735.1211342111676,0.7598,0.34392964861598213,0.985023760043487,0.02715277671813965
RegionKModels,Rectangular,28,669.5516475263147,0.760476923076923,0.3459059188614719,0.9666352783504172,0.043771982192993164
RegionKModels,Rectangular,29,332.1288922887045,0.7690307692307692,0.40682121956142636,1.018319573703406,0.016159772872924805
RegionKModels,Rectangular,30,123.17957290377652,0.7556051282051282,0.32523000497259535,0.7516002069808188,0.06295299530029297
RegionKModels,Rectangular,31,405.9466756568228,0.8062,0.4619975267873682,0.7838719334084014,0.04327583312988281
RegionKModels,Rectangular,32,380.3964325643834,0.7802615384615385,0.39879434295398425,1.1794330199285017,0.031249046325683594
RegionKModels,Rectangular,33,513.3544508739961,0.7990102564102564,0.49828156499700316,0.7512093880421499,0.033799171447753906
RegionKModels,Rectangular,34,186.68978876184883,0.8295846153846154,0.5494116963063641,0.6406151234639732,0.031912803649902344
RegionKModels,Rectangular,35,530.9025582557977,0.7173076923076923,0.20437369035218997,1.1211633222072526,0.01569962501525879
RegionKModels,Rectangular,36,312.4376742505011,0.7948358974358974,0.45889032343018293,0.6434023929198267,0.08284926414489746
RegionKModels,Rectangular,37,353.2642065129911,0.779374358974359,0.4221090105768979,0.8285745079010846,0.048986196517944336
RegionKModels,Rectangular,38,462.69981513249036,0.7734102564102564,0.3502803647141115,1.0155662570031716,0.031279802322387695
RegionKModels,Rectangular,39,259.06877657472074,0.7665794871794872,0.37063165449642277,0.825563628684578,0.06300568580627441
RegionKModels,Rectangular,40,494.33127102959446,0.7827692307692308,0.4009340160417925,0.6986309993178078,0.031290531158447266
RegionKModels,Rectangular,41,808.1341545850178,0.7499282051282051,0.3347425901943719,0.7956160416409523,0.06369209289550781
RegionKModels,Rectangular,42,486.4848242139278,0.8022205128205128,0.46999988792408437,0.864548362501671,0.024149656295776367
RegionKModels,Rectangular,43,434.6986235703579,0.8033282051282051,0.4501667941580519,0.8196230704185651,0.0312647819519043
RegionKModels,Rectangular,44,365.24560459745686,0.7913076923076923,0.4174772993387293,0.9849362059189836,0.07818031311035156
RegionKModels,Rectangular,45,660.4057431524479,0.7493179487179488,0.3048200908941772,1.016545584438124,0.027651548385620117
RegionKModels,Rectangular,46,706.3866165675479,0.7995333333333333,0.43870051330878745,1.0917231046554778,0.041312456130981445
RegionKModels,Rectangular,47,273.30654472023474,0.7755128205128206,0.3743353886262828,1.0601438301126807,0.028287649154663086
RegionKModels,Rectangular,48,294.1089742635663,0.7495487179487179,0.3005690994201525,1.1171911747392191,0.06856417655944824
RegionKModels,Rectangular,49,366.01931155065495,0.8499897435897436,0.6071313511435783,0.6097783806897225,0.03080010414123535
RegionKModels,Voronoi,53,156.08306351838152,0.8063897435897436,0.6877615894080258,0.39789776049069053,0.04692864418029785
RegionKModels,Voronoi,54,484.8722474606097,0.8740615384615384,0.6535090098977586,0.5736228559470452,0.027585983276367188
RegionKModels,Voronoi,55,338.04251158615523,0.7559128205128205,0.48268476997716353,0.6302798921325777,0.031247377395629883
RegionKModels,Voronoi,56,341.4295147586289,0.8413538461538461,0.5899469349227885,0.5992867669215588,0.046938180923461914
RegionKModels,Voronoi,57,344.16016027721327,0.7920820512820513,0.5071469262989665,0.7290429186223755,0.03162097930908203
RegionKModels,Voronoi,58,297.32457202239146,0.7037025641025642,0.3452031398106782,1.0299805015834462,0.06252455711364746
RegionKModels,Voronoi,59,390.5310847102588,0.8452358974358974,0.6146642107827838,0.5263501029210638,0.028735637664794922
RegionKModels,Voronoi,60,371.4050320328848,0.8058205128205128,0.5407680969514451,0.7047759275587557,0.015661001205444336
RegionKModels,Voronoi,61,431.7471083074895,0.7705794871794872,0.4214228792549798,0.8531537808314661,0.04555320739746094
RegionKModels,Voronoi,62,358.9625021894457,0.7755384615384615,0.4817379696554081,0.7805418974563941,0.04732632637023926
RegionKModels,Voronoi,63,192.2893933181316,0.7866615384615384,0.532643314972354,0.6523272827910869,0.015613079071044922
RegionKModels,Voronoi,64,295.7087260831836,0.7946923076923077,0.5027826432540168,0.6288163747378818,0.04582333564758301
RegionKModels,Voronoi,65,164.03256175017282,0.8900871794871795,0.6978642449872262,0.4348316226495889,0.03163957595825195
RegionKModels,Voronoi,66,285.75782241536933,0.8089538461538461,0.555792374028645,0.708614883440785,0.01563572883605957
RegionKModels,Voronoi,67,152.27406780930838,0.867323076923077,0.7361606937465166,0.28063962595481223,0.0494692325592041
RegionKModels,Voronoi,68,234.76932713081555,0.7616205128205128,0.47055907143398623,0.6766529807790265,0.01576685905456543
RegionKModels,Voronoi,69,211.1556725091305,0.8238051282051282,0.5423293768497909,0.5387227408605723,0.07766366004943848
RegionKModels,Voronoi,70,588.1008284141585,0.7754666666666666,0.4501690936772148,0.8292669868987596,0.05425548553466797
RegionKModels,Voronoi,71,335.09833276550273,0.8413333333333334,0.6016815259584322,0.4132578508734309,0.015662670135498047
RegionKModels,Voronoi,72,233.51246948432845,0.8498564102564102,0.5912761988053674,0.6031063992978867,0.01564502716064453
RegionKModels,Voronoi,73,251.63648494131775,0.8080974358974359,0.49130538116735867,0.5426527375588235,0.015680313110351562
RegionKModels,Voronoi,74,348.7467289164754,0.7689435897435898,0.512296148111215,0.6842668465025117,0.01568436622619629
RegionKModels,Voronoi,75,535.5002370154868,0.8375333333333334,0.6253065294966985,0.6482706407778758,0.044850826263427734
RegionKModels,Voronoi,76,394.7066263070591,0.8404666666666667,0.6485723258694019,0.7854855815813877,0.06295943260192871
RegionKModels,Voronoi,77,186.11118723370677,0.759676923076923,0.587029727941933,0.5176636857629375,0.0388486385345459
RegionKModels,Voronoi,78,419.66604727622274,0.7814205128205128,0.44451097380338,0.7161095515149676,0.015671730041503906
RegionKModels,Voronoi,79,252.1835157007582,0.8238358974358975,0.5449515531922553,0.5404866111798523,0.015610933303833008
RegionKModels,Voronoi,80,223.37488210676938,0.8448820512820513,0.5828581055970762,0.8071670407656746,0.03534555435180664
RegionKModels,Voronoi,81,294.7790299028372,0.7901282051282051,0.5150270726278728,0.5405837630708369,0.03127765655517578
RegionKModels,Voronoi,82,403.0219824830705,0.7905589743589744,0.4675122208173467,0.9720775140046968,0.05646085739135742
RegionKModels,Voronoi,83,252.2370392604717,0.841374358974359,0.6221498145830963,0.5809069487003173,0.015631437301635742
RegionKModels,Voronoi,84,244.62131212089537,0.7933589743589744,0.524347391244159,0.48232169462939767,0.06961345672607422
RegionKModels,Voronoi,85,244.4943089351071,0.8288871794871795,0.5592579418552014,0.6353878680973265,0.043286800384521484
RegionKModels,Voronoi,86,506.96741155578604,0.7967897435897436,0.47340487078464794,0.8573207261608153,0.07859158515930176
RegionKModels,Voronoi,87,158.31441847627076,0.8745846153846154,0.6586306704336505,0.36213464045506205,0.04732704162597656
RegionKModels,Voronoi,88,480.1063995072723,0.7629692307692307,0.4306599618282497,0.8422781581860772,0.04742550849914551
RegionKModels,Voronoi,89,139.27825894316373,0.7939025641025641,0.5118878491420242,0.606255191080565,0.04686903953552246
RegionKModels,Voronoi,90,204.4120371271601,0.7649025641025641,0.5829553195139799,0.5195580198166575,0.07817482948303223
RegionKModels,Voronoi,91,300.10865966467793,0.7737128205128205,0.46737008794675516,1.0359518343478231,0.06824469566345215
RegionKModels,Voronoi,92,167.7604825726301,0.7668512820512821,0.45962382465358453,0.8520277557034004,0.035288333892822266
RegionKModels,Voronoi,93,276.82264929627013,0.7435692307692308,0.5005756176893874,0.5902220780170006,0.015659809112548828
RegionKModels,Voronoi,94,262.0378121991581,0.8163384615384616,0.5670986683777868,0.7929153717485576,0.04485154151916504
RegionKModels,Voronoi,95,455.6472157270124,0.8662153846153846,0.6476046384485689,0.5123459299290133,0.06369304656982422
RegionKModels,Voronoi,96,163.17134670262465,0.7822717948717949,0.4914517244716977,0.7434256185173573,0.0484013557434082
RegionKModels,Voronoi,97,338.1154148128188,0.8099025641025641,0.4928998219178724,0.6600064262136821,0.0469057559967041
RegionKModels,Voronoi,98,569.2290791640144,0.8198358974358975,0.5931903447201311,0.7522580774212351,0.031748294830322266
RegionKModels,Voronoi,99,510.85236862281516,0.7714666666666666,0.4982717714869052,0.6386027891629709,0.13588714599609375
RegionKModels,Arbitrary,103,392.55216450894164,0.8322820512820512,0.5692138047226258,0.7790243017216485,0.028191328048706055
RegionKModels,Arbitrary,104,603.3471524386264,0.8018358974358974,0.4797764114663044,0.8891625573419404,0.031299591064453125
RegionKModels,Arbitrary,105,319.04760287115636,0.8113333333333334,0.5187874453204746,0.7511332894294921,0.03129839897155762
RegionKModels,Arbitrary,106,422.6709635869162,0.8000717948717949,0.5066729588440042,0.9466565847964105,0.04734182357788086
RegionKModels,Arbitrary,107,202.27243835661665,0.8165897435897436,0.5264399546258244,0.6809350075493147,0.0785989761352539
RegionKModels,Arbitrary,108,605.3426476536764,0.8113692307692307,0.47562540331623,0.7331084168287693,0.04690957069396973
RegionKModels,Arbitrary,109,277.5925246066342,0.8012615384615385,0.5223311986954831,0.7643659544159326,0.03127145767211914
RegionKModels,Arbitrary,110,424.99516786109996,0.8161333333333334,0.5221936624970942,0.760036268628751,0.06195664405822754
RegionKModels,Arbitrary,111,250.0243605413901,0.9484974358974358,0.82641723514977,0.32220273960944845,0.05153155326843262
RegionKModels,Arbitrary,112,195.70822791940927,0.8204,0.5749298034576072,0.6413067549584537,0.015623092651367188
RegionKModels,Arbitrary,113,302.3396174735831,0.8237128205128205,0.5392194791477913,0.7856931993369988,0.03126955032348633
RegionKModels,Arbitrary,114,442.07559896483644,0.7667282051282052,0.419086088073089,0.7704199715080399,0.0363922119140625
RegionKModels,Arbitrary,115,274.84484966166895,0.7663179487179487,0.42542192209443636,0.712806055181894,0.040129661560058594
RegionKModels,Arbitrary,116,645.5056330048894,0.8413435897435897,0.5603045423103139,0.7701571299295469,0.015661239624023438
RegionKModels,Arbitrary,117,415.80132647436085,0.8106,0.5637404151101181,0.7235478404850559,0.031281232833862305
RegionKModels,Arbitrary,118,240.88083404105117,0.8459589743589744,0.5701933886676407,0.6393320060098802,0.031272172927856445
RegionKModels,Arbitrary,119,365.0818434192103,0.8017076923076923,0.49396589023933923,0.8387892832040876,0.01566147804260254
RegionKModels,Arbitrary,120,315.94260773605464,0.8209538461538461,0.5069809420054007,0.8216749177655751,0.01565694808959961
RegionKModels,Arbitrary,121,333.7645603056936,0.7773435897435897,0.4205341700840033,1.014492756842308,0.01566934585571289
RegionKModels,Arbitrary,122,373.20369698123386,0.7715641025641026,0.4689714701844096,0.6993145737379999,0.07856202125549316
RegionKModels,Arbitrary,123,316.8933628505215,0.8186564102564102,0.4996970632527396,0.6545158493657692,0.031229019165039062
RegionKModels,Arbitrary,124,150.87606484484508,0.8871384615384615,0.6731288340973967,0.4437801717221604,0.0504915714263916
RegionKModels,Arbitrary,125,174.86853904029465,0.9281589743589743,0.7838644987131189,0.3352397208977124,0.03672027587890625
RegionKModels,Arbitrary,126,382.94657607069473,0.7970615384615385,0.452718809395287,0.8491629783063978,0.06833958625793457
RegionKModels,Arbitrary,127,253.27117041661688,0.7905435897435897,0.4643987539170582,0.9743875236223674,0.03130388259887695
RegionKModels,Arbitrary,128,490.6274183723342,0.8047179487179488,0.5022767220403022,0.9154066732711426,0.031781911849975586
RegionKModels,Arbitrary,129,439.66168094546055,0.8246153846153846,0.5799679499811294,0.6526283915480927,0.04693150520324707
RegionKModels,Arbitrary,130,151.10821114320052,0.8581846153846154,0.6190056001992029,0.46815768358369153,0.03830361366271973
RegionKModels,Arbitrary,131,238.70263373580795,0.8467692307692307,0.5671476545293824,0.5537057547172716,0.03129172325134277
RegionKModels,Arbitrary,132,465.8052032945982,0.8376,0.6184925798684057,0.6070614362470104,0.047861576080322266
RegionKModels,Arbitrary,133,291.7869556722638,0.7832871794871795,0.3917095835444968,0.9066432864945586,0.010110139846801758
RegionKModels,Arbitrary,134,513.9451408376403,0.7481179487179487,0.41239960078398347,0.7690697259004828,0.04688906669616699
RegionKModels,Arbitrary,135,509.6308146153131,0.7883897435897436,0.4419838062611343,0.7708325867493124,0.05842137336730957
RegionKModels,Arbitrary,136,247.02603948813982,0.7849846153846154,0.46751276141640413,1.1716169718321643,0.03162074089050293
RegionKModels,Arbitrary,137,646.3354847958291,0.7767282051282052,0.3572876287423135,0.9500344813072698,0.031281471252441406
RegionKModels,Arbitrary,138,299.7203286481217,0.8230512820512821,0.515011293684131,0.6353569181874477,0.031630754470825195
RegionKModels,Arbitrary,139,262.0898572492576,0.8228564102564102,0.5442771537659787,0.8029693124959294,0.03127479553222656
RegionKModels,Arbitrary,140,260.34421265415114,0.7755282051282051,0.38513666532379615,1.144278971236334,0.016091346740722656
RegionKModels,Arbitrary,141,188.09111682211733,0.812774358974359,0.529840735376836,0.5885648068621514,0.0
RegionKModels,Arbitrary,142,297.83070356294445,0.800923076923077,0.47037537263537677,0.771184055223837,0.06365537643432617
RegionKModels,Arbitrary,143,496.5331466728631,0.7710871794871795,0.3689142732024698,1.022295169076306,0.03129839897155762
RegionKModels,Arbitrary,144,213.28086517484775,0.8119692307692308,0.5071282076298838,0.6273881979987372,0.045706748962402344
RegionKModels,Arbitrary,145,200.888289424555,0.7945230769230769,0.4638320019694265,1.01073723080689,0.029690980911254883
RegionKModels,Arbitrary,146,264.69888567892036,0.7844410256410257,0.47697026865872666,0.7690693236166675,0.04690265655517578
RegionKModels,Arbitrary,147,371.17417934240166,0.8421794871794872,0.5702762634569168,0.6695391025515063,0.04815816879272461
RegionKModels,Arbitrary,148,228.6429150139017,0.8113435897435898,0.6065690147793608,0.559042223186767,0.03169083595275879
RegionKModels,Arbitrary,149,196.5276798012011,0.896825641025641,0.7052576718763821,0.5508257171013824,0.033379316329956055
SKATER-reg,Rectangular,0,671.8726817070252,0.6691333333333334,0.42597063443987976,0.9075642432740798,24.213603258132935
SKATER-reg,Rectangular,1,761.8740500065098,0.517625641025641,0.33164241459620253,0.9876709308772706,23.81057858467102
SKATER-reg,Rectangular,2,378.9677462757633,0.7020820512820513,0.44394422553068513,0.7966691791024963,25.644131422042847
SKATER-reg,Rectangular,3,495.9999335306862,0.6965743589743589,0.448594111946377,0.7181661847826546,29.580327033996582
SKATER-reg,Rectangular,4,90.15359792372409,0.7666102564102564,0.5246883220027128,0.4771791717559368,25.84076738357544
SKATER-reg,Rectangular,5,322.95484626342295,0.7142564102564103,0.4918162732419307,0.9236492114050392,24.450382232666016
SKATER-reg,Rectangular,6,227.66974178793154,0.7541076923076923,0.4616700952336491,0.9113514089161746,26.058149814605713
SKATER-reg,Rectangular,7,662.3155440209339,0.6922307692307692,0.3565848732143874,0.9345225446239558,24.261120796203613
SKATER-reg,Rectangular,8,292.2469052524537,0.7607128205128205,0.40680773470968856,0.9533673014200292,29.016464948654175
SKATER-reg,Rectangular,9,364.0421847817562,0.47746666666666665,0.3158926740172679,1.0532195113431837,30.96057963371277
SKATER-reg,Rectangular,10,345.89420724970256,0.3420666666666667,0.15721144193850256,1.1343550816253916,46.863282203674316
SKATER-reg,Rectangular,11,264.2800775536914,0.7101179487179488,0.4825418275389879,1.109505378366636,29.141092777252197
SKATER-reg,Rectangular,12,280.8874159712795,0.7768102564102564,0.5241258954878848,1.2014238355724556,21.198673248291016
SKATER-reg,Rectangular,13,482.94981996918204,0.8144923076923077,0.5518221730011841,0.805801662691935,20.23578643798828
SKATER-reg,Rectangular,14,828.6990865164022,0.6181179487179487,0.2496180940275451,0.9099613947885333,21.27335548400879
SKATER-reg,Rectangular,15,355.25821899200355,0.7653589743589744,0.5112402366692956,0.8368306271363919,21.754703998565674
SKATER-reg,Rectangular,16,246.12707599564268,0.5900974358974359,0.3902088974944929,0.9964682411090915,21.478045225143433
SKATER-reg,Rectangular,17,641.1762523208937,0.6265435897435897,0.40591659388630336,0.8976760884258047,21.056371450424194
SKATER-reg,Rectangular,18,341.8093961925407,0.7305538461538461,0.47452812811222517,0.9683286949828748,21.24609351158142
SKATER-reg,Rectangular,19,378.013624645098,0.6695230769230769,0.3500027501476504,0.9866569535633544,24.526350498199463
SKATER-reg,Rectangular,20,962.2484702907309,0.6892102564102565,0.4408751978050308,1.0562365641436156,22.270059823989868
SKATER-reg,Rectangular,21,480.4481313703267,0.7268461538461538,0.5186151186183888,0.8730837898472195,22.755042791366577
SKATER-reg,Rectangular,22,625.8993843155214,0.47396410256410254,0.29259912607629474,1.0747755999628565,21.77525544166565
SKATER-reg,Rectangular,23,804.9358557861402,0.4103025641025641,0.23895975910224354,1.0128115654654772,23.88900375366211
SKATER-reg,Rectangular,24,280.6302369150442,0.7466923076923077,0.455830329789799,0.8066622800260494,35.81441831588745
SKATER-reg,Rectangular,25,757.4366700555197,0.6881538461538461,0.4270553476765886,1.0690120725809251,29.286900520324707
SKATER-reg,Rectangular,26,420.3611474921813,0.779348717948718,0.5533507676081975,0.8756510266492733,21.492026329040527
SKATER-reg,Rectangular,27,638.9682835886155,0.7280564102564102,0.43543812866595566,0.9027738845354175,20.68672823905945
SKATER-reg,Rectangular,28,507.58273323004465,0.6813948717948718,0.4854541400463019,0.8379055126880528,21.162200927734375
SKATER-reg,Rectangular,29,289.5807851289551,0.6515435897435897,0.4597164388162167,0.9707534671323614,21.886579275131226
SKATER-reg,Rectangular,30,176.45663361559687,0.5470461538461538,0.32552484538372556,0.9083590777049098,20.936628818511963
SKATER-reg,Rectangular,31,497.4812623577148,0.7405948717948718,0.39381543835803234,0.9054549955745621,21.087234020233154
SKATER-reg,Rectangular,32,368.85196819536424,0.5741948717948718,0.30478714703911386,1.1917165417205509,21.503937244415283
SKATER-reg,Rectangular,33,745.8325904531357,0.7414102564102564,0.5060642108183405,0.8715898316880717,21.015854835510254
SKATER-reg,Rectangular,34,225.55330917345327,0.7795794871794872,0.5347785111748986,0.7115585583524305,20.940716981887817
SKATER-reg,Rectangular,35,512.0656655402319,0.6891794871794872,0.44569992341910236,0.9513435258133881,20.47066068649292
SKATER-reg,Rectangular,36,358.0329868849266,0.7825230769230769,0.5146847445403047,0.6487104772353265,23.240623474121094
SKATER-reg,Rectangular,37,277.6340524240069,0.6351333333333333,0.46539607290469875,0.8773549715778343,24.557088613510132
SKATER-reg,Rectangular,38,454.1291555573865,0.3601025641025641,0.1813558424134813,1.0840728939612971,33.22558093070984
SKATER-reg,Rectangular,39,292.5815179223649,0.7329025641025642,0.5136973306607611,0.7223096453090506,28.534566402435303
SKATER-reg,Rectangular,40,618.9590925154621,0.6340666666666667,0.4451428761480026,0.8182930514168285,26.47666907310486
SKATER-reg,Rectangular,41,866.8294228762298,0.651025641025641,0.20816818277360882,0.9573530508865359,24.758503675460815
SKATER-reg,Rectangular,42,567.5961520187838,0.7140717948717948,0.4346232126716764,0.9602514835557223,21.467541694641113
SKATER-reg,Rectangular,43,526.7666341883835,0.7388461538461538,0.442257135516728,0.8721641675044451,20.225913286209106
SKATER-reg,Rectangular,44,491.78070455134036,0.7037128205128205,0.42761673245552023,1.1202391319026883,24.845078229904175
SKATER-reg,Rectangular,45,728.1096613357997,0.35873333333333335,0.21410788235246397,1.0656064985773117,25.223788738250732
SKATER-reg,Rectangular,46,676.7660215845823,0.7323487179487179,0.47548633705710436,1.0868877217504713,23.238533973693848
SKATER-reg,Rectangular,47,282.1540230404314,0.6909794871794872,0.4344976991821365,1.132578082241268,22.112253427505493
SKATER-reg,Rectangular,48,260.87164151070556,0.7053282051282052,0.39296001677612574,0.9923275958643073,24.919901847839355
SKATER-reg,Rectangular,49,711.270094677321,0.7348102564102564,0.44865263456558363,0.9299892076543333,46.25425863265991
SKATER-reg,Voronoi,50,172.37851059707373,0.6964205128205129,0.5080438026938188,0.7139790501222053,45.2308406829834
SKATER-reg,Voronoi,51,327.8319535220105,0.7496051282051283,0.5452745828756624,0.6232293479680664,49.73625040054321
SKATER-reg,Voronoi,52,513.0353732846245,0.7234820512820512,0.49095595998948516,0.6638113230306126,37.146344900131226
SKATER-reg,Voronoi,53,685.1563537246277,0.7478461538461538,0.49285900264048677,0.6385625832205184,31.668328762054443
SKATER-reg,Voronoi,54,557.8607599824322,0.6615948717948718,0.38171558225141994,0.8225210681409384,26.326412439346313
SKATER-reg,Voronoi,55,293.1176447164853,0.6694256410256411,0.492808288515335,0.7669888534725355,25.17928171157837
SKATER-reg,Voronoi,56,609.0667049083268,0.7256205128205129,0.4592915441578853,0.9001961917418024,22.064656496047974
SKATER-reg,Voronoi,57,306.26772149358965,0.7446,0.5090800802583807,0.6779962465694414,20.41078209877014
SKATER-reg,Voronoi,58,213.51900086380007,0.7131076923076923,0.46443536336348,0.6971479759582667,23.531432390213013
SKATER-reg,Voronoi,59,509.5721411448687,0.7081692307692308,0.43153976202715755,0.7915969818348207,22.189014196395874
SKATER-reg,Voronoi,60,394.4444176704245,0.6986,0.4972680296359122,0.8876975885058833,21.539285898208618
SKATER-reg,Voronoi,61,386.8534905267733,0.7816102564102564,0.51158438191561,0.7654380148311286,21.16435194015503
SKATER-reg,Voronoi,62,268.77423489223645,0.7785333333333333,0.5216742615732438,0.6890273318094351,17.9751877784729
SKATER-reg,Voronoi,63,211.5941126663817,0.8292564102564103,0.5555435489588418,0.5755802783307095,21.65822410583496
SKATER-reg,Voronoi,64,308.075671857914,0.7798102564102564,0.508537670758443,0.6525873815543435,22.435944318771362
SKATER-reg,Voronoi,65,390.0596155657137,0.8222769230769231,0.5945860635409806,0.6229832122609075,29.471564054489136
SKATER-reg,Voronoi,66,290.3953743031205,0.7529538461538462,0.536770080450856,0.8141855282256562,36.444958448410034
SKATER-reg,Voronoi,67,476.6653424627713,0.8446461538461538,0.6091442273245457,0.5107637953912472,21.90295910835266
SKATER-reg,Voronoi,68,217.75067929555004,0.7289692307692308,0.4607606910124963,0.7031092151813787,24.59746766090393
SKATER-reg,Voronoi,69,383.94465298523954,0.6489333333333334,0.39935446518672185,0.889121603029962,20.929440021514893
SKATER-reg,Voronoi,70,254.7589896312585,0.8027641025641026,0.5964281305644192,0.5580954102290678,22.116239309310913
SKATER-reg,Voronoi,71,409.87733536411935,0.6664153846153846,0.3990497082103265,0.6798382344360656,20.944686889648438
SKATER-reg,Voronoi,72,394.20180528622507,0.7801794871794872,0.5399910888867383,0.7260743540753718,19.914740324020386
SKATER-reg,Voronoi,73,283.42984054127135,0.7979641025641026,0.5493605591321112,0.6350596878902977,23.810906648635864
SKATER-reg,Voronoi,74,278.43898537230257,0.666,0.4965108665287835,0.8219160377446953,23.18572688102722
SKATER-reg,Voronoi,75,401.3392784212606,0.784923076923077,0.5274919804323498,0.5705334102478228,20.114474058151245
SKATER-reg,Voronoi,76,437.0436734149268,0.8104717948717949,0.5410029094653426,0.8054153799116479,23.367194890975952
SKATER-reg,Voronoi,77,280.5365814617264,0.8259487179487179,0.54147047824861,0.5788975255174879,19.736507415771484
SKATER-reg,Voronoi,78,395.4758423217877,0.7109025641025641,0.42014170145326607,0.8483929402054399,27.51315665245056
SKATER-reg,Voronoi,79,234.27472969022025,0.7698615384615385,0.5759002155828981,0.7440193908431683,25.048526287078857
SKATER-reg,Voronoi,80,240.7728808444871,0.7081589743589743,0.43202313670911285,0.9423231531520281,20.989601612091064
SKATER-reg,Voronoi,81,373.45014061668854,0.7153641025641025,0.3683205875866192,0.80144434411524,20.097832679748535
SKATER-reg,Voronoi,82,226.53186490851138,0.7484974358974359,0.5486008931090847,0.5816991522235552,21.06019163131714
SKATER-reg,Voronoi,83,611.0279424124387,0.6993589743589743,0.4172558574071571,0.9650394810738794,20.78762674331665
SKATER-reg,Voronoi,84,330.2401770534476,0.808348717948718,0.5641670484780132,0.5414342043823732,21.93114185333252
SKATER-reg,Voronoi,85,403.6633646083738,0.7427282051282051,0.47584614142895776,0.8349391515111081,24.149808645248413
SKATER-reg,Voronoi,86,331.97042209989576,0.7178717948717949,0.5570749619577572,0.6875484272923921,26.251843214035034
SKATER-reg,Voronoi,87,251.7884430720899,0.5658666666666666,0.40763845884685773,0.7863999944810844,24.12488555908203
SKATER-reg,Voronoi,88,432.83994776827524,0.6912461538461538,0.4915192416045599,0.7821761661480897,25.391791820526123
SKATER-reg,Voronoi,89,122.62951552127204,0.8591794871794872,0.6089420157986596,0.3963289500797296,20.957306146621704
SKATER-reg,Voronoi,90,316.39440239453205,0.6659538461538461,0.41522081081537526,0.9215152726739801,25.286399364471436
SKATER-reg,Voronoi,91,264.4754922733968,0.7804,0.5235760058251704,1.062573973498751,24.481494426727295
SKATER-reg,Voronoi,92,156.3547819153514,0.8097692307692308,0.5979238564206242,0.744169480208019,33.96302032470703
SKATER-reg,Voronoi,93,200.94921095603945,0.7372051282051282,0.4891653392992663,0.5409022454936582,39.04797863960266
SKATER-reg,Voronoi,94,218.06811022800065,0.8756564102564103,0.6629253374939243,0.5657715015777532,22.68807315826416
SKATER-reg,Voronoi,95,537.0178469789785,0.7402615384615384,0.47717403113814466,0.6919971452161179,21.448893308639526
SKATER-reg,Voronoi,96,175.65786681959855,0.7904717948717949,0.5480069795647874,0.6686158618572438,21.429263830184937
SKATER-reg,Voronoi,97,252.99778504607576,0.7970564102564103,0.5649902528481349,0.5683996091041198,21.42748999595642
SKATER-reg,Voronoi,98,394.89734055841257,0.5970717948717948,0.42414782542872087,0.7300559926689644,23.66935396194458
SKATER-reg,Voronoi,99,381.6050091536454,0.6783589743589744,0.5158816297106309,0.5572667337794991,18.674701690673828
SKATER-reg,Arbitrary,100,418.95412386347095,0.7918153846153846,0.5600872683447838,0.6713624633302008,22.523601531982422
SKATER-reg,Arbitrary,101,102.15244574135846,0.7352461538461539,0.4836592593910992,0.5566336500382827,21.02754521369934
SKATER-reg,Arbitrary,102,371.80182312242033,0.744948717948718,0.47954072150385874,0.6179947936047335,23.706054210662842
SKATER-reg,Arbitrary,103,498.7120158160059,0.7805794871794872,0.45346584232722853,0.9143600316590067,20.243046283721924
SKATER-reg,Arbitrary,104,405.28191004798146,0.6508666666666667,0.47134268700251775,0.8392970309813156,20.37036442756653
SKATER-reg,Arbitrary,105,318.6412326432744,0.7446410256410256,0.4831140888672757,0.7557870124584015,20.376272678375244
SKATER-reg,Arbitrary,106,426.51871219710415,0.7970307692307692,0.5411908725161134,0.8821065609679408,21.961416482925415
SKATER-reg,Arbitrary,107,247.96879266610995,0.5517435897435897,0.36412770760562113,0.956988402999871,29.252742290496826
SKATER-reg,Arbitrary,108,612.1870449435413,0.7788410256410256,0.46770283548370734,0.7525059307366532,22.81654191017151
SKATER-reg,Arbitrary,109,330.5217450828412,0.824123076923077,0.5821588492921824,0.7421979233490164,20.380107164382935
SKATER-reg,Arbitrary,110,382.58336598725475,0.7506410256410256,0.5619914384975087,0.7135344000819985,20.395453929901123
SKATER-reg,Arbitrary,111,910.2996502986032,0.5244666666666666,0.3300826436140924,0.8968748207603435,20.57605528831482
SKATER-reg,Arbitrary,112,333.6163105719181,0.6948410256410257,0.5193398094644023,0.8251817292708198,19.762255907058716
SKATER-reg,Arbitrary,113,362.8228816688545,0.6653128205128205,0.38466535088392795,0.9178677284571415,23.417296409606934
SKATER-reg,Arbitrary,114,462.81252093958864,0.7960461538461538,0.5158990319727788,0.5813048993441676,20.83406639099121
SKATER-reg,Arbitrary,115,307.832983862001,0.7236666666666667,0.4264060312275202,0.706903198425524,22.63400173187256
SKATER-reg,Arbitrary,116,634.7575053570744,0.6235692307692308,0.43735169947293306,0.8346030759507088,21.37600064277649
SKATER-reg,Arbitrary,117,393.7420040765398,0.8205025641025641,0.5461613572971394,0.6290882499383516,23.09740400314331
SKATER-reg,Arbitrary,118,219.10362585714216,0.8347230769230769,0.5593881732117437,0.5646278188959479,21.573912382125854
SKATER-reg,Arbitrary,119,287.8898443808664,0.8188974358974359,0.5404038513213738,0.6985988987467958,18.870521545410156
SKATER-reg,Arbitrary,120,345.7275804786053,0.7130102564102564,0.38885914269162275,0.896883901097265,26.019997358322144
SKATER-reg,Arbitrary,121,365.0000886304172,0.7743794871794871,0.4598833088643764,1.0128943208860588,18.51512336730957
SKATER-reg,Arbitrary,122,501.54618204847037,0.7335794871794872,0.4838843860359639,0.8240563217274468,19.806144952774048
SKATER-reg,Arbitrary,123,360.984304571129,0.7579333333333333,0.46354703399074026,0.8464354051114559,20.516496419906616
SKATER-reg,Arbitrary,124,417.6778431069097,0.7835179487179487,0.5056177579501165,0.6755383455855403,19.502030611038208
SKATER-reg,Arbitrary,125,468.7358161877704,0.7592102564102564,0.4892155131608182,0.7591379872773814,23.705968856811523
SKATER-reg,Arbitrary,126,436.08241827889526,0.7453794871794872,0.4538593617774695,1.0015804018782057,33.498778104782104
SKATER-reg,Arbitrary,127,232.23107916628015,0.5911897435897436,0.4343865959704691,0.8261891812439353,34.964064836502075
SKATER-reg,Arbitrary,128,309.5201399862899,0.8570205128205128,0.602190365072902,0.5990061219834227,20.620096921920776
SKATER-reg,Arbitrary,129,643.5844888820467,0.692451282051282,0.44317067136650884,0.8453943117426388,20.23513627052307
SKATER-reg,Arbitrary,130,380.1572544371769,0.7896974358974359,0.5554185641194611,0.7793654655515422,20.640320777893066
SKATER-reg,Arbitrary,131,381.6177681986828,0.7488205128205129,0.5074983214764256,0.8543910554143492,19.004426956176758
SKATER-reg,Arbitrary,132,463.8180116228588,0.735374358974359,0.4700711370342291,0.6316430021250975,20.201313972473145
SKATER-reg,Arbitrary,133,264.3993858839267,0.7154051282051282,0.5676573305078058,0.7954374802751987,22.724595546722412
SKATER-reg,Arbitrary,134,334.0804550761918,0.8078923076923077,0.5254243706366377,0.5593928602525462,22.46718406677246
SKATER-reg,Arbitrary,135,879.9657014552034,0.6498974358974359,0.40390544502547865,0.91938993910419,20.887374877929688
SKATER-reg,Arbitrary,136,189.08772344509865,0.847651282051282,0.5932881171030674,0.6391401235741361,22.329219102859497
SKATER-reg,Arbitrary,137,663.6327707893627,0.6656307692307692,0.3759313617708224,0.8500805661097088,20.563863277435303
SKATER-reg,Arbitrary,138,321.2952620942822,0.7260923076923077,0.494626415188795,0.7917064891359942,20.329832792282104
SKATER-reg,Arbitrary,139,401.70542678627044,0.753374358974359,0.48916825860267316,0.9481718132209593,22.204856157302856
SKATER-reg,Arbitrary,140,201.17685113517277,0.6969897435897436,0.49315286441948003,0.7126004145242085,20.330241680145264
SKATER-reg,Arbitrary,141,211.8286532826078,0.7471948717948718,0.4529833794511723,0.7323524773859184,19.99726128578186
SKATER-reg,Arbitrary,142,313.68052606762745,0.7246769230769231,0.3805407625872694,0.9540003751704218,23.048654079437256
SKATER-reg,Arbitrary,143,468.0860095095441,0.6932051282051283,0.43095259001064984,0.7835306523953975,25.78005862236023
SKATER-reg,Arbitrary,144,253.26536783054212,0.7611846153846153,0.47657179153116813,0.6731954598415673,24.484749794006348
SKATER-reg,Arbitrary,145,212.22718048282945,0.6511948717948718,0.4035793640811397,0.9686793489665786,22.10468316078186
SKATER-reg,Arbitrary,146,264.46678919945776,0.8354871794871794,0.5940275519611404,0.5629673623646767,20.216877698898315
SKATER-reg,Arbitrary,147,352.69090776826454,0.7166,0.4964614914611873,0.8645275396842093,22.634912967681885
SKATER-reg,Arbitrary,148,466.56234343005536,0.8166820512820513,0.5165509625759489,0.5793743287807698,20.504388332366943
SKATER-reg,Arbitrary,149,400.0682312925241,0.6743333333333333,0.4606228995237817,0.7781313971236699,21.784720182418823
GWR+SKATER,Rectangular,0,271.1585203060909,0.8621538461538462,0.7302629727275494,0.4616270864560023,42.71531319618225
GWR+SKATER,Rectangular,1,128.26712218785573,0.8743641025641026,0.7473830734744128,0.38754259865363516,6.520959138870239
GWR+SKATER,Rectangular,2,235.60798092660525,0.8439179487179487,0.6419814453190397,0.3927305161781663,7.392851114273071
GWR+SKATER,Rectangular,3,234.9358360322953,0.8508717948717949,0.715119970066145,0.3753341234109819,7.611443758010864
GWR+SKATER,Rectangular,4,81.13330305674302,0.8473794871794872,0.7094334520967116,0.38335287902905635,5.958371877670288
GWR+SKATER,Rectangular,5,201.70035904050764,0.8668820512820513,0.7182896258046277,0.3670920759496028,6.200800895690918
GWR+SKATER,Rectangular,6,140.21936409587866,0.8443435897435897,0.6992719954713931,0.49482263230260587,6.508169412612915
GWR+SKATER,Rectangular,7,284.52808462965936,0.8774615384615385,0.7307183919261928,0.44555994611097305,6.577054262161255
GWR+SKATER,Rectangular,8,202.55227464503344,0.806548717948718,0.6982221447896956,0.5246312397812047,6.216923713684082
GWR+SKATER,Rectangular,9,153.72874194977553,0.8786461538461539,0.738225079045924,0.4767996340791079,6.324850559234619
GWR+SKATER,Rectangular,10,380.4112822987049,0.5307794871794872,0.3911723526909802,0.8856751872724924,6.4856390953063965
GWR+SKATER,Rectangular,11,183.02864236204906,0.8608564102564102,0.7281598137712171,0.4520966565151366,6.713119029998779
GWR+SKATER,Rectangular,12,145.5158765608524,0.8818307692307692,0.7612517030036303,0.45144773236872343,6.674609184265137
GWR+SKATER,Rectangular,13,333.6578808917447,0.871051282051282,0.7207088324799684,0.4941616559382408,7.096590995788574
GWR+SKATER,Rectangular,14,161.1015231561727,0.8514974358974359,0.7377435935100312,0.3570613166240894,6.646311521530151
GWR+SKATER,Rectangular,15,181.5972723414424,0.8464564102564103,0.7371988073843001,0.394041188826738,6.365773916244507
GWR+SKATER,Rectangular,16,133.81397960933543,0.7583487179487179,0.5999419102316246,0.44339093842741567,7.076355934143066
GWR+SKATER,Rectangular,17,358.6951052692013,0.7974,0.6436041667070166,0.4523435416038772,6.552685737609863
GWR+SKATER,Rectangular,18,123.14874418905228,0.9465897435897436,0.8669385187598474,0.23546731957974892,6.458488464355469
GWR+SKATER,Rectangular,19,276.66622616504003,0.7947025641025641,0.6414944431811566,0.6026796082863253,6.407627105712891
GWR+SKATER,Rectangular,20,436.66523248304185,0.9262307692307692,0.802405887542564,0.5122526359869136,6.418650150299072
GWR+SKATER,Rectangular,21,242.6086925784138,0.8776974358974359,0.7068193403193634,0.47389070745940554,6.552998065948486
GWR+SKATER,Rectangular,22,278.546232549669,0.8419230769230769,0.6890171066664239,0.4413492827616783,6.3423826694488525
GWR+SKATER,Rectangular,23,339.3241909351547,0.8649076923076923,0.7513414802724855,0.5543943224825516,6.26162576675415
GWR+SKATER,Rectangular,24,127.76493580684982,0.880476923076923,0.7382702319613417,0.4602250176545725,6.388169527053833
GWR+SKATER,Rectangular,25,387.6223364964998,0.8559589743589744,0.7043780654671815,0.6665045866149385,6.351638317108154
GWR+SKATER,Rectangular,26,210.29887944107998,0.8829076923076923,0.7673007964069836,0.37118017293230615,6.286731243133545
GWR+SKATER,Rectangular,27,260.92193398287026,0.8633179487179488,0.7433536071372566,0.4057319909662291,6.488122463226318
GWR+SKATER,Rectangular,28,232.11110753644806,0.8805794871794872,0.7644433025643412,0.43327286608774074,5.93413782119751
GWR+SKATER,Rectangular,29,143.93515921616742,0.8999230769230769,0.7493047247859155,0.3667576842785814,6.334698677062988
GWR+SKATER,Rectangular,30,115.83657131422214,0.8034307692307693,0.6678105550962183,0.4286698702213219,6.783380031585693
GWR+SKATER,Rectangular,31,166.17674810213623,0.9011435897435898,0.7872441431423777,0.34435285774557783,6.264714002609253
GWR+SKATER,Rectangular,32,189.44318404854616,0.889948717948718,0.7373417773317086,0.5784104038318865,6.0372185707092285
GWR+SKATER,Rectangular,33,287.502090846003,0.872851282051282,0.7531073853159327,0.5415132161536429,6.072808504104614
GWR+SKATER,Rectangular,34,153.60116125382535,0.8628051282051282,0.7298772112330209,0.34065879620427847,6.344605445861816
GWR+SKATER,Rectangular,35,145.41950611962014,0.9155589743589744,0.7847201357988398,0.28170165338798653,6.478747129440308
GWR+SKATER,Rectangular,36,120.61345258211713,0.8806820512820512,0.8006438534023439,0.29878113858108873,6.21308708190918
GWR+SKATER,Rectangular,37,160.48188420184198,0.8352205128205128,0.7200270569152757,0.38859998339796675,6.323105096817017
GWR+SKATER,Rectangular,38,143.894075028862,0.9503589743589743,0.8689068713158521,0.34751333909859333,6.8310606479644775
GWR+SKATER,Rectangular,39,139.06850518660312,0.9071076923076923,0.7662678830136831,0.2941092534027634,6.516310453414917
GWR+SKATER,Rectangular,40,173.02413832413788,0.877,0.7671353043931133,0.344310497805381,6.500888824462891
GWR+SKATER,Rectangular,41,270.1879021983632,0.8524974358974359,0.7111197239446247,0.45510322993981245,6.237815618515015
GWR+SKATER,Rectangular,42,234.38073510540903,0.8332461538461539,0.6790506607466597,0.4619593825742018,6.242962598800659
GWR+SKATER,Rectangular,43,135.51709923848358,0.8699179487179487,0.7808389059502985,0.39295240498246364,6.256108045578003
GWR+SKATER,Rectangular,44,309.82207669501383,0.8624820512820512,0.7091618540651751,0.531285708481949,6.384622812271118
GWR+SKATER,Rectangular,45,302.8876775478267,0.8528256410256411,0.665208352532046,0.4706008039314547,6.145281553268433
GWR+SKATER,Rectangular,46,263.7558871357645,0.9221794871794872,0.8027260114896526,0.45014932103734207,6.517021417617798
GWR+SKATER,Rectangular,47,116.72304739993535,0.9435128205128205,0.857155522804777,0.30151136529851585,5.909916162490845
GWR+SKATER,Rectangular,48,94.740008824333,0.8887794871794872,0.760583834996005,0.3145134424183611,6.244986057281494
GWR+SKATER,Rectangular,49,371.15695982815777,0.8499384615384615,0.6946198089085414,0.5627622964013004,6.5836639404296875
GWR+SKATER,Voronoi,50,97.66529417907671,0.914548717948718,0.8047076413471203,0.24495946980241043,6.561371326446533
GWR+SKATER,Voronoi,51,193.986896296205,0.8527076923076923,0.6732932440693086,0.35642055791645444,6.04123592376709
GWR+SKATER,Voronoi,52,369.99214856316866,0.8935846153846154,0.6937356865615409,0.45302793337614733,6.240682601928711
GWR+SKATER,Voronoi,53,305.97860419946323,0.9006205128205128,0.7137291779861276,0.35589817729547324,6.151746034622192
GWR+SKATER,Voronoi,54,211.49428188756912,0.8965948717948717,0.7277248168952425,0.30913509421008173,6.476980686187744
GWR+SKATER,Voronoi,55,178.39506601250494,0.8898358974358974,0.7250851533056267,0.3692133643897125,6.241488695144653
GWR+SKATER,Voronoi,56,338.1528177689447,0.8703076923076923,0.6746359301200484,0.5650337318051774,6.204137325286865
GWR+SKATER,Voronoi,57,98.01058988249211,0.9282051282051282,0.8085709076683097,0.20829609086477693,6.1775407791137695
GWR+SKATER,Voronoi,58,140.4446420957282,0.9047128205128205,0.7807256526781842,0.3014352744644133,5.930898427963257
GWR+SKATER,Voronoi,59,237.002196116595,0.9205384615384615,0.7693524330548487,0.29267525015569806,6.503309726715088
GWR+SKATER,Voronoi,60,186.3402751569083,0.9282974358974359,0.7715682807196617,0.282680155105917,6.248079299926758
GWR+SKATER,Voronoi,61,257.754279584492,0.817123076923077,0.5897642178783152,0.5013522534865027,6.333031415939331
GWR+SKATER,Voronoi,62,150.90612757760096,0.9354923076923077,0.7924324387291778,0.27070266630692086,6.39719820022583
GWR+SKATER,Voronoi,63,141.91178880384197,0.9046307692307692,0.7482810489305142,0.26085557192480047,6.145414113998413
GWR+SKATER,Voronoi,64,119.01748006348373,0.9503076923076923,0.838831915849243,0.22284679430023716,6.044646978378296
GWR+SKATER,Voronoi,65,187.62424432218484,0.9239384615384615,0.7577218046763884,0.29197487208922357,6.40118145942688
GWR+SKATER,Voronoi,66,199.9138529966092,0.8867282051282052,0.6766859171345571,0.42293539427517673,5.739352226257324
GWR+SKATER,Voronoi,67,311.502914511409,0.898676923076923,0.7308872737713655,0.3792124327868668,6.551375865936279
GWR+SKATER,Voronoi,68,183.40341779233674,0.8373179487179487,0.6243488211689541,0.40702200982870956,6.338088274002075
GWR+SKATER,Voronoi,69,156.57267367461782,0.8935076923076923,0.7293839724320331,0.2608764859361505,6.307231903076172
GWR+SKATER,Voronoi,70,253.2994602773245,0.8192871794871794,0.591209316333207,0.5365458419496648,5.874629974365234
GWR+SKATER,Voronoi,71,275.80615018407843,0.8186717948717949,0.6150928917345088,0.451623895657868,5.756976127624512
GWR+SKATER,Voronoi,72,295.08383584918977,0.8820205128205129,0.6768273240581821,0.4485084068204027,5.775284290313721
GWR+SKATER,Voronoi,73,142.96736399876772,0.9232974358974358,0.751735574417305,0.2747865327519647,6.430070161819458
GWR+SKATER,Voronoi,74,187.4315215259274,0.915302564102564,0.7567519500082033,0.2723391915735912,5.781617164611816
GWR+SKATER,Voronoi,75,287.06868579133896,0.9115948717948718,0.7236417277288779,0.3534421726169378,6.006162643432617
GWR+SKATER,Voronoi,76,249.47101890014585,0.9343641025641025,0.7891486508109191,0.31616437603383357,6.289764165878296
GWR+SKATER,Voronoi,77,196.16345451101077,0.7766461538461539,0.624652718321376,0.4465837739331987,5.9901251792907715
GWR+SKATER,Voronoi,78,149.04011732921896,0.9277230769230769,0.7694444153205255,0.23613194053690603,6.320559740066528
GWR+SKATER,Voronoi,79,155.25765983679764,0.907251282051282,0.7611979050194947,0.25139430623798925,6.199771881103516
GWR+SKATER,Voronoi,80,154.75504385941977,0.9232820512820513,0.7471357207266696,0.36068814825093654,6.355119466781616
GWR+SKATER,Voronoi,81,186.10787230047956,0.8805076923076923,0.6703687097033377,0.4175290376128043,6.210665941238403
GWR+SKATER,Voronoi,82,177.1919177773755,0.8631846153846154,0.6780245478189582,0.45477762594550086,6.038069248199463
GWR+SKATER,Voronoi,83,317.89788532220234,0.8969128205128205,0.69298991790975,0.45527011495476255,5.748233795166016
GWR+SKATER,Voronoi,84,235.25574282215288,0.857374358974359,0.6852850477506981,0.4343761291744135,6.2012457847595215
GWR+SKATER,Voronoi,85,239.78520041554512,0.7858410256410256,0.620680744495105,0.5134585316150573,6.5681469440460205
GWR+SKATER,Voronoi,86,172.71621872510173,0.9433179487179487,0.8072729398295898,0.3234289863192313,6.146270513534546
GWR+SKATER,Voronoi,87,133.72268075629887,0.9203641025641026,0.7514733082736568,0.2623012593799095,6.497521877288818
GWR+SKATER,Voronoi,88,284.9047907180012,0.8535948717948718,0.6658261634525966,0.46047639507484867,5.831082582473755
GWR+SKATER,Voronoi,89,94.41040088356436,0.9190564102564103,0.730633079289542,0.29614286001055046,5.754113435745239
GWR+SKATER,Voronoi,90,108.65433678676717,0.8980717948717949,0.7529827862506444,0.24505123947932247,5.978257656097412
GWR+SKATER,Voronoi,91,207.57429604405002,0.8651538461538462,0.6774556872259239,0.4247194624269362,6.394770622253418
GWR+SKATER,Voronoi,92,91.57569344007486,0.8781435897435897,0.7167217649733527,0.30514392324139333,6.227205038070679
GWR+SKATER,Voronoi,93,158.90049035265494,0.7903230769230769,0.5611064498916779,0.41683625770490196,6.0804033279418945
GWR+SKATER,Voronoi,94,137.90361956759486,0.9510102564102564,0.819261205912586,0.33835423125667347,5.688475847244263
GWR+SKATER,Voronoi,95,362.3470426061813,0.8440769230769231,0.6489550530859993,0.4114931933802105,6.01423454284668
GWR+SKATER,Voronoi,96,127.64196209137215,0.8684564102564103,0.6231639380222452,0.4238339989294311,5.867563009262085
GWR+SKATER,Voronoi,97,141.64866467410388,0.8933692307692308,0.7514175330670233,0.2832957446471606,6.518489360809326
GWR+SKATER,Voronoi,98,415.91600981758864,0.7991948717948718,0.6171629589003892,0.5183559063945792,6.944841384887695
GWR+SKATER,Voronoi,99,226.5562597462834,0.7759333333333334,0.5599561619212626,0.45026038316033146,6.206560373306274
GWR+SKATER,Arbitrary,100,308.2318838118682,0.8420512820512821,0.6265632284956559,0.4263187337033829,6.182746410369873
GWR+SKATER,Arbitrary,101,87.63552747997461,0.8166205128205128,0.5525132764104583,0.41392219242206757,5.57956075668335
GWR+SKATER,Arbitrary,102,239.27473763359612,0.8889128205128205,0.692366302647191,0.3464123970770425,5.653355598449707
GWR+SKATER,Arbitrary,103,309.3833299758132,0.8782871794871795,0.6524110082779334,0.47079743717154904,5.753907680511475
GWR+SKATER,Arbitrary,104,247.1026443373033,0.8700820512820513,0.6600152660993988,0.4444978836926716,6.317345142364502
GWR+SKATER,Arbitrary,105,222.81520090968468,0.865323076923077,0.6264492668432332,0.46210279626277345,5.9707911014556885
GWR+SKATER,Arbitrary,106,338.4848420076178,0.8906153846153846,0.6603885518431075,0.5245384805383477,6.037484407424927
GWR+SKATER,Arbitrary,107,230.20871105552905,0.7946410256410257,0.5706908121630214,0.5687110024915182,6.594621419906616
GWR+SKATER,Arbitrary,108,477.2819881100866,0.8094615384615385,0.5785258766604982,0.5030441156441965,6.194259166717529
GWR+SKATER,Arbitrary,109,233.76103790238912,0.9131794871794872,0.7427053949401886,0.2666884525487858,6.122503042221069
GWR+SKATER,Arbitrary,110,297.7901151679362,0.8965333333333333,0.7071775456401515,0.47028580547569654,6.103263854980469
GWR+SKATER,Arbitrary,111,704.6090988333358,0.8166153846153846,0.5752956916837085,0.6152324067560944,6.289239883422852
GWR+SKATER,Arbitrary,112,247.4518946929734,0.8545846153846154,0.6693149440598202,0.4774232320746269,5.7036354541778564
GWR+SKATER,Arbitrary,113,268.5289475133431,0.8713333333333333,0.6358713420786261,0.49752483685707755,6.254513740539551
GWR+SKATER,Arbitrary,114,356.12918577868527,0.8732,0.6125049423491518,0.4171091790146087,6.3057310581207275
GWR+SKATER,Arbitrary,115,231.43239367819368,0.809076923076923,0.5690486395125406,0.47324778434491815,6.0270836353302
GWR+SKATER,Arbitrary,116,358.3917496601017,0.8489794871794871,0.6529591567025496,0.499541715650524,6.301915884017944
GWR+SKATER,Arbitrary,117,353.7163361455048,0.8615948717948718,0.6333896055852206,0.4907156912226473,6.157737970352173
GWR+SKATER,Arbitrary,118,179.50211046419724,0.8789128205128205,0.6276139563352945,0.4120484125880216,6.33296275138855
GWR+SKATER,Arbitrary,119,336.4934326423106,0.7415179487179487,0.47737512098824286,0.5537664621429728,5.966865301132202
GWR+SKATER,Arbitrary,120,218.28687609372483,0.8624871794871795,0.6108964530067053,0.5324502993271403,5.723536252975464
GWR+SKATER,Arbitrary,121,206.92647798422206,0.8856051282051282,0.6571082632566919,0.44943770753246737,5.899697542190552
GWR+SKATER,Arbitrary,122,328.78806704361995,0.8495435897435898,0.5948282071261694,0.49258579181300904,5.915712594985962
GWR+SKATER,Arbitrary,123,222.40948492036637,0.8821846153846153,0.6654198932711228,0.4555578228120663,6.773143529891968
GWR+SKATER,Arbitrary,124,287.76034280144063,0.8631435897435897,0.6051510888043858,0.4518705619724785,6.082859992980957
GWR+SKATER,Arbitrary,125,321.34022206494024,0.8971333333333333,0.7070251409320533,0.4023115989949646,6.243064641952515
GWR+SKATER,Arbitrary,126,389.9425134622033,0.813651282051282,0.5629492596319986,0.6286460944523286,6.252768516540527
GWR+SKATER,Arbitrary,127,160.86676976544624,0.8428153846153846,0.6057176035879054,0.5568099219013882,6.045473337173462
GWR+SKATER,Arbitrary,128,266.3764739722948,0.9018717948717949,0.7048910712008765,0.3953021739044582,5.887163877487183
GWR+SKATER,Arbitrary,129,440.41512815800337,0.8488564102564102,0.6160383331444651,0.5910361049368418,6.172130584716797
GWR+SKATER,Arbitrary,130,265.8884471731185,0.8120205128205128,0.605688130626591,0.5440148885500485,5.910083770751953
GWR+SKATER,Arbitrary,131,405.3835365156186,0.8058615384615384,0.5266769068711183,0.6170758598670527,6.3558573722839355
GWR+SKATER,Arbitrary,132,394.15223218837804,0.8014102564102564,0.5994950741912382,0.5284912140974826,6.2866270542144775
GWR+SKATER,Arbitrary,133,250.1661911386529,0.8483333333333334,0.5900815414563769,0.524354700202806,6.102431535720825
GWR+SKATER,Arbitrary,134,211.8526566970724,0.8714,0.6735540661050414,0.35693746471412213,6.665733814239502
GWR+SKATER,Arbitrary,135,507.73165561040605,0.8772820512820513,0.6481406570811745,0.5395445319709339,6.194172620773315
GWR+SKATER,Arbitrary,136,134.60391591037163,0.8341384615384615,0.6251658021537613,0.4721980484945855,5.6523520946502686
GWR+SKATER,Arbitrary,137,358.7820346933871,0.8503076923076923,0.6252402626628581,0.47600744359705516,6.262641906738281
GWR+SKATER,Arbitrary,138,305.5455144898948,0.8991435897435898,0.7040653132392216,0.447829881366022,6.276755094528198
GWR+SKATER,Arbitrary,139,380.72850354088825,0.827025641025641,0.6267981936038911,0.4905285535415607,6.499846696853638
GWR+SKATER,Arbitrary,140,147.80758005843177,0.8274358974358974,0.6221610837023618,0.461446276856843,6.520923614501953
GWR+SKATER,Arbitrary,141,146.5120337361465,0.7851179487179487,0.5186137850711579,0.4951028726922345,6.112741708755493
GWR+SKATER,Arbitrary,142,229.82137347210676,0.860225641025641,0.6254645622939585,0.5198390386167309,5.541653156280518
GWR+SKATER,Arbitrary,143,448.0402439479479,0.7968358974358974,0.5520679305926413,0.7074610401735432,6.0359156131744385
GWR+SKATER,Arbitrary,144,155.65088789023898,0.8379692307692308,0.5991225493731169,0.4743288860606521,6.160614252090454
GWR+SKATER,Arbitrary,145,148.54192822776952,0.8734307692307692,0.62331056937049,0.5782458005821908,6.246006011962891
GWR+SKATER,Arbitrary,146,188.14021168679207,0.8610410256410257,0.6581469042499535,0.37630628841405417,6.353419780731201
GWR+SKATER,Arbitrary,147,294.4215416649038,0.8786307692307692,0.6738060879231353,0.41997336417939485,6.1239166259765625
GWR+SKATER,Arbitrary,148,348.0841288115232,0.8220153846153846,0.5835928756023219,0.6016490652461088,6.350707769393921
GWR+SKATER,Arbitrary,149,233.82651031461242,0.8766615384615385,0.6430732550337476,0.4272999236514351,6.060175895690918
SHAP-based,Rectangular,0,74.61682670695384,0.9587641025641026,0.8730029707036208,0.144081536942412,9.369728803634644
SHAP-based,Rectangular,1,63.72284396729363,0.9091948717948718,0.7880582641822992,0.22590303261730252,5.219033479690552
SHAP-based,Rectangular,2,55.98662578225321,0.9788358974358974,0.9223781069073544,0.07250071301635425,5.019366979598999
SHAP-based,Rectangular,3,66.236262987551,0.9514307692307692,0.8658824450060512,0.13141005113911547,6.694572925567627
SHAP-based,Rectangular,4,66.30971496855942,0.8075384615384615,0.5947799120697166,0.43155467923433133,8.618972539901733
SHAP-based,Rectangular,5,59.244124372534124,0.964425641025641,0.8868307990318163,0.1300208254611173,5.210389614105225
SHAP-based,Rectangular,6,59.617936149177055,0.9285384615384615,0.7856505531548831,0.1985016148767389,5.867190599441528
SHAP-based,Rectangular,7,66.15295067653452,0.9776205128205128,0.9191211940488992,0.14661761863589418,5.579310178756714
SHAP-based,Rectangular,8,70.26655465378307,0.9231692307692307,0.7840888866248175,0.29675313720946495,5.869630336761475
SHAP-based,Rectangular,9,83.43862605506696,0.9655333333333334,0.8881293372373088,0.2699686767898246,5.706944465637207
SHAP-based,Rectangular,10,60.11785066361195,0.9726205128205129,0.9013152215588232,0.1737660368838021,7.082474946975708
SHAP-based,Rectangular,11,109.39956437462959,0.907825641025641,0.757235460527419,0.47312620616925194,5.826319932937622
SHAP-based,Rectangular,12,86.97561948580689,0.9407538461538462,0.8138259342089804,0.3196653608110514,6.225986957550049
SHAP-based,Rectangular,13,66.18893296220004,0.9764102564102564,0.9102460764556395,0.11283073639236726,5.788714647293091
SHAP-based,Rectangular,14,90.22335624425737,0.8608666666666667,0.7550600730059355,0.38429206322642756,5.900654315948486
SHAP-based,Rectangular,15,60.37483336805099,0.9583641025641025,0.8678972087087622,0.20362319682318972,5.983803987503052
SHAP-based,Rectangular,16,74.3995278262058,0.8979230769230769,0.7476895534322007,0.3468239775650377,7.257883787155151
SHAP-based,Rectangular,17,72.1168154961203,0.9787846153846154,0.9220119666310611,0.08538293936709135,5.322834730148315
SHAP-based,Rectangular,18,113.2231788880995,0.8451128205128206,0.6648779679954451,0.6215665244095401,6.1499762535095215
SHAP-based,Rectangular,19,64.47643701268245,0.9132923076923077,0.823912762635222,0.2732224180087229,5.254609823226929
SHAP-based,Rectangular,20,51.86920828803788,0.9723435897435897,0.9175820473122107,0.14474056275271097,4.956740140914917
SHAP-based,Rectangular,21,62.27667275327878,0.9126717948717948,0.8266748850820532,0.22416586875292352,5.10830283164978
SHAP-based,Rectangular,22,60.828962416663636,0.9776717948717949,0.9221288727893417,0.09069014047739872,5.1776347160339355
SHAP-based,Rectangular,23,60.207561292597944,0.9723179487179487,0.9092861833689755,0.18164363367904038,5.028108596801758
SHAP-based,Rectangular,24,53.396695231289016,0.9326615384615384,0.7918881232126534,0.20937466497917281,7.214231491088867
SHAP-based,Rectangular,25,50.272476880237754,0.9771435897435897,0.9294164969225529,0.08464893968071194,5.6460864543914795
SHAP-based,Rectangular,26,57.24729177153335,0.9813589743589743,0.9309671914820724,0.09158864410543102,5.74297571182251
SHAP-based,Rectangular,27,56.667521310165775,0.9949179487179487,0.9782134300597657,0.06475849570352779,4.860825300216675
SHAP-based,Rectangular,28,68.41035016878696,0.9804102564102564,0.9319878390127989,0.16158421000278086,5.420141696929932
SHAP-based,Rectangular,29,99.07866045422597,0.8669794871794871,0.7615899102770745,0.5117769841217008,6.676626205444336
SHAP-based,Rectangular,30,88.17386271121728,0.8332923076923077,0.6442922288183651,0.46600952134665785,8.187811374664307
SHAP-based,Rectangular,31,69.44341432134536,0.9176871794871795,0.8006015146298849,0.22959207130592896,6.056074857711792
SHAP-based,Rectangular,32,85.97046813017505,0.8520923076923077,0.7366311928690316,0.39382241194531636,6.67600417137146
SHAP-based,Rectangular,33,50.725909519618554,0.9814205128205128,0.9393038156403748,0.08547129836608179,5.004495143890381
SHAP-based,Rectangular,34,61.26332968632444,0.9274717948717949,0.8194145636861102,0.24212113763623938,6.574510097503662
SHAP-based,Rectangular,35,54.539436055340055,0.9308871794871795,0.8619450105894669,0.2153114337312985,5.317968368530273
SHAP-based,Rectangular,36,69.20564392236248,0.904774358974359,0.8321898587369558,0.2735310697343689,4.6397545337677
SHAP-based,Rectangular,37,62.37227712637795,0.9190410256410256,0.7906013453371386,0.22517433988448302,6.1429431438446045
SHAP-based,Rectangular,38,96.39090477658895,0.8442615384615385,0.7135638457242728,0.4908047975638694,6.036077260971069
SHAP-based,Rectangular,39,67.88698118588248,0.9075794871794872,0.7931934271941177,0.2755032036713751,5.166149854660034
SHAP-based,Rectangular,40,60.46140300178311,0.9629025641025641,0.8859832318622154,0.10448224263652664,5.771578788757324
SHAP-based,Rectangular,41,50.4066101862272,0.9949128205128205,0.9782093340038144,0.0797546995218509,4.535387754440308
SHAP-based,Rectangular,42,62.78784492098855,0.980051282051282,0.9242284396840429,0.13179600215534248,5.014342546463013
SHAP-based,Rectangular,43,52.884177966937656,0.9753435897435897,0.9143022607582679,0.08795038699060215,5.636731147766113
SHAP-based,Rectangular,44,69.51927950294633,0.9636051282051282,0.8879735884491612,0.24926912554584651,5.388926982879639
SHAP-based,Rectangular,45,58.657687555297585,0.9728769230769231,0.9047796422936166,0.14339980504126537,4.525315046310425
SHAP-based,Rectangular,46,64.67995822692862,0.9886717948717949,0.9566963761778872,0.07565827349887322,4.618870973587036
SHAP-based,Rectangular,47,70.49195327871311,0.9438512820512821,0.816376600331467,0.26551449631242624,5.330709934234619
SHAP-based,Rectangular,48,62.39990224566026,0.9052615384615385,0.7393597990837371,0.2910886148235767,5.7518310546875
SHAP-based,Rectangular,49,56.13332172373195,0.9874153846153846,0.9476833037392974,0.10867759501506696,4.860558271408081
SHAP-based,Voronoi,50,64.92292936374932,0.9509025641025641,0.8622941829638239,0.18029457064765264,6.845205068588257
SHAP-based,Voronoi,51,65.07136237151308,0.9806871794871795,0.9081189148495684,0.12538571732970383,6.411740303039551
SHAP-based,Voronoi,52,60.71783688653124,0.9779333333333333,0.9207788189475706,0.14029344484092932,5.031401634216309
SHAP-based,Voronoi,53,63.0160870448165,0.9769794871794871,0.9076868741861344,0.10206618694384911,5.0838377475738525
SHAP-based,Voronoi,54,91.34766780514514,0.9638205128205128,0.8883052632309691,0.1330320423305634,5.209352016448975
SHAP-based,Voronoi,55,58.53131935004653,0.9362769230769231,0.8386918569333933,0.20459969958365137,6.222195148468018
SHAP-based,Voronoi,56,71.70354678295712,0.9554769230769231,0.8519887641513926,0.15912570110830251,6.423069715499878
SHAP-based,Voronoi,57,52.88163060461444,0.9553384615384616,0.8658345354624797,0.11924216805315792,6.155487060546875
SHAP-based,Voronoi,58,68.44499907988934,0.9584717948717949,0.8501800350523425,0.1561249279386671,6.347503423690796
SHAP-based,Voronoi,59,55.66280134417772,0.9861538461538462,0.9374724640579188,0.10007125996189971,5.405845642089844
SHAP-based,Voronoi,60,70.5561304953978,0.9806769230769231,0.9290327799083622,0.1378099942972679,5.693223237991333
SHAP-based,Voronoi,61,57.64456797127849,0.9832564102564103,0.9328810874620423,0.11096160334052134,5.217230319976807
SHAP-based,Voronoi,62,59.7366550389694,0.9650564102564102,0.8957287696735082,0.15584882655856694,5.618002891540527
SHAP-based,Voronoi,63,85.96200126323542,0.9453282051282051,0.8225966860344943,0.2084186767010163,6.438452243804932
SHAP-based,Voronoi,64,64.42206708404302,0.9762102564102564,0.8990926767971836,0.1301389614151728,5.286503076553345
SHAP-based,Voronoi,65,67.02734604530093,0.9677846153846154,0.8878716122847803,0.15144340466991535,5.382081985473633
SHAP-based,Voronoi,66,64.47843575810111,0.9696358974358974,0.902310605656909,0.13542406118131176,6.23828387260437
SHAP-based,Voronoi,67,50.6900578268408,0.9872717948717948,0.9567566628981458,0.06770095768911917,4.78549337387085
SHAP-based,Voronoi,68,55.459721840115655,0.9583794871794872,0.8592573832907241,0.11857204783731909,6.574373960494995
SHAP-based,Voronoi,69,84.10306086546036,0.8822769230769231,0.7589481039004088,0.32866205434514095,5.7870259284973145
SHAP-based,Voronoi,70,58.31186286475986,0.9633128205128205,0.8813110392721707,0.1614396013998291,5.86641263961792
SHAP-based,Voronoi,71,75.32217237514499,0.9019692307692307,0.7592998156349064,0.2310817105518078,6.254642724990845
SHAP-based,Voronoi,72,50.776880369093185,0.9818102564102564,0.9316911182110106,0.09893393377586804,4.979980230331421
SHAP-based,Voronoi,73,63.5484390846338,0.9538717948717949,0.8648443093174659,0.1346101809950182,5.809877157211304
SHAP-based,Voronoi,74,71.99892651975964,0.9658051282051282,0.873979574695819,0.1076350649586739,6.286754608154297
SHAP-based,Voronoi,75,78.8209841789912,0.9795128205128205,0.9194361998325778,0.10198487960058011,5.22153639793396
SHAP-based,Voronoi,76,53.872861037002664,0.9868564102564102,0.9493643357098799,0.0754705458921969,5.715987920761108
SHAP-based,Voronoi,77,63.3294964110775,0.9767076923076923,0.8808040913620137,0.18705050325746497,5.884182453155518
SHAP-based,Voronoi,78,59.754416359020155,0.9717076923076923,0.893658520867696,0.10846209613618119,5.290576696395874
SHAP-based,Voronoi,79,57.08649220165253,0.9593179487179487,0.8840700988662202,0.11426986489142364,5.861125230789185
SHAP-based,Voronoi,80,90.81567046663241,0.9277076923076923,0.7896359926942187,0.2919713690595684,6.997492551803589
SHAP-based,Voronoi,81,60.672138939096804,0.9351333333333334,0.8382461341023012,0.22290363415560147,5.850997686386108
SHAP-based,Voronoi,82,56.04220810923367,0.9247128205128206,0.7880560390166353,0.20367274212972042,5.536266565322876
SHAP-based,Voronoi,83,69.6586823094798,0.9709538461538462,0.8981838469321696,0.1741368604746509,5.271754026412964
SHAP-based,Voronoi,84,76.44921991724756,0.8255179487179487,0.6923370326456063,0.35197014565871815,5.8465576171875
SHAP-based,Voronoi,85,69.36916902073607,0.9566666666666667,0.8717337584070326,0.19379046607363287,5.928596258163452
SHAP-based,Voronoi,86,55.438063142916874,0.9790461538461539,0.9263287717474294,0.11058441386103471,5.770472764968872
SHAP-based,Voronoi,87,51.774218685603905,0.9354820512820513,0.80877937117069,0.16601706306112632,5.917529344558716
SHAP-based,Voronoi,88,61.033583945080075,0.9757692307692307,0.9168226469349898,0.142244627393895,5.154090642929077
SHAP-based,Voronoi,89,69.37842472935458,0.9277948717948717,0.7720787336468774,0.2759717648208133,6.423369646072388
SHAP-based,Voronoi,90,55.679439861721804,0.9719179487179487,0.8920812633753316,0.1100945427798074,5.9403908252716064
SHAP-based,Voronoi,91,73.07901748084922,0.9587128205128205,0.8692220098420667,0.18304529658402052,6.175826072692871
SHAP-based,Voronoi,92,74.82665129321632,0.9080051282051282,0.7280470799865847,0.2865100208829553,8.089586734771729
SHAP-based,Voronoi,93,59.27297650652219,0.930651282051282,0.8169311882737852,0.1295817609695784,5.912268161773682
SHAP-based,Voronoi,94,87.79027288203457,0.9458974358974359,0.8137591545159476,0.25945858043889664,6.105191230773926
SHAP-based,Voronoi,95,57.232936001137205,0.9891179487179487,0.9656731192981135,0.06196891805740151,5.272913932800293
SHAP-based,Voronoi,96,76.07236705445003,0.9396461538461538,0.7886995347060928,0.22216700409296178,7.486274719238281
SHAP-based,Voronoi,97,65.32679091580533,0.9343897435897436,0.7953519573335056,0.22154750809613077,5.301417827606201
SHAP-based,Voronoi,98,62.547595506700674,0.9644974358974359,0.9015480579069552,0.09694351366913292,5.692833185195923
SHAP-based,Voronoi,99,62.62996796506428,0.9499487179487179,0.8602530859357642,0.1572653540924076,5.479519367218018
SHAP-based,Arbitrary,100,72.42040770762551,0.9752871794871795,0.8851961027554378,0.1974649021667061,5.637982130050659
SHAP-based,Arbitrary,101,63.010956800888295,0.9070820512820513,0.712148049674558,0.2486528160212834,8.113460063934326
SHAP-based,Arbitrary,102,76.7112113084197,0.9044923076923077,0.7418648464413061,0.23983309137339015,6.049479722976685
SHAP-based,Arbitrary,103,96.92237200246933,0.9489435897435897,0.8331972171854803,0.31132190459687953,6.582618951797485
SHAP-based,Arbitrary,104,73.3765310940524,0.9329641025641026,0.8002677799394888,0.19117177631609245,5.687560558319092
SHAP-based,Arbitrary,105,84.63754470006265,0.9037641025641026,0.728812352048417,0.29840574679654674,6.48576545715332
SHAP-based,Arbitrary,106,68.76169922405431,0.9650666666666666,0.8682875498051135,0.18500602991701293,5.582602024078369
SHAP-based,Arbitrary,107,96.77664647271297,0.889625641025641,0.6860514553828594,0.35863285003947687,7.032951354980469
SHAP-based,Arbitrary,108,57.77167667526257,0.9739076923076924,0.908925690919956,0.10141663483278922,5.884026527404785
SHAP-based,Arbitrary,109,65.79518249521567,0.9684307692307692,0.8871216558764182,0.1619137919989496,4.970214366912842
SHAP-based,Arbitrary,110,65.4876142989022,0.9572307692307692,0.8606719364826513,0.197821369238299,5.262030601501465
SHAP-based,Arbitrary,111,74.78167128305384,0.9835230769230769,0.9332823361711929,0.13300320583759584,5.141189098358154
SHAP-based,Arbitrary,112,71.88799408005522,0.9398871794871795,0.8066253494471999,0.2554373419335591,5.704133033752441
SHAP-based,Arbitrary,113,70.26230176184022,0.9323692307692307,0.7910339471816168,0.28245111896305397,5.64736533164978
SHAP-based,Arbitrary,114,76.80955786255446,0.8989538461538461,0.7760568958462973,0.22639905638134158,5.199507236480713
SHAP-based,Arbitrary,115,82.44477482277027,0.9239589743589743,0.7701448319774874,0.2171592515997294,5.65033221244812
SHAP-based,Arbitrary,116,62.8427691049424,0.961697435897436,0.8810700641731285,0.15641268917634443,5.938147306442261
SHAP-based,Arbitrary,117,66.05606111382731,0.9498410256410257,0.8479121886947143,0.17469204155795662,5.10425591468811
SHAP-based,Arbitrary,118,80.11353171534941,0.8920974358974358,0.7488946317231966,0.30261152776472683,6.876445531845093
SHAP-based,Arbitrary,119,109.02797605315963,0.937174358974359,0.7898666081971767,0.2260392243704222,7.032452344894409
SHAP-based,Arbitrary,120,91.19681101852807,0.8380974358974359,0.6803643009062244,0.4272840346382969,5.697613000869751
SHAP-based,Arbitrary,121,102.13507034766616,0.9134102564102564,0.7568746644910179,0.3963790755447026,6.241988658905029
SHAP-based,Arbitrary,122,74.92599688075119,0.9400307692307692,0.8212147423968384,0.18652291899480294,5.407977104187012
SHAP-based,Arbitrary,123,91.33973628974172,0.8614307692307692,0.7237593689780549,0.3857890360785497,6.494199991226196
SHAP-based,Arbitrary,124,88.76590617352639,0.9152564102564102,0.7890794796101303,0.3363142888151308,5.562086582183838
SHAP-based,Arbitrary,125,99.38541516280647,0.950651282051282,0.8301516900638375,0.2245660165437434,5.190282821655273
SHAP-based,Arbitrary,126,76.46239466979378,0.9124307692307693,0.7752171414021719,0.314511870794121,5.932388544082642
SHAP-based,Arbitrary,127,79.46658494823109,0.9310358974358974,0.781267522014634,0.29158740794341775,8.296335697174072
SHAP-based,Arbitrary,128,75.96551162824375,0.932076923076923,0.7896272264121438,0.21246442430817034,5.785495042800903
SHAP-based,Arbitrary,129,134.17299509443552,0.8719641025641026,0.7908153171502428,0.40937361103492587,5.119610548019409
SHAP-based,Arbitrary,130,96.50411701569239,0.9247282051282051,0.7597248258471742,0.2654705087542471,6.034576892852783
SHAP-based,Arbitrary,131,71.80528769666186,0.9406205128205128,0.829117004839464,0.16185429227065196,6.307751178741455
SHAP-based,Arbitrary,132,92.66459705680346,0.8886461538461539,0.7989665680953942,0.2906893500532763,4.920216798782349
SHAP-based,Arbitrary,133,115.66290866218961,0.8597025641025641,0.7001301270460489,0.5152016872872055,6.217073440551758
SHAP-based,Arbitrary,134,81.62206018608322,0.9405179487179487,0.8301034155457867,0.19356924816746288,5.370214462280273
SHAP-based,Arbitrary,135,107.89878770167869,0.934451282051282,0.7979673755993527,0.2397764131407831,6.425806045532227
SHAP-based,Arbitrary,136,83.1644705474478,0.9444923076923077,0.8013003965934139,0.2540316406445419,7.401962995529175
SHAP-based,Arbitrary,137,70.14479761387118,0.956225641025641,0.8529213533335902,0.16440330456702446,5.543971061706543
SHAP-based,Arbitrary,138,106.16760610518548,0.9386410256410257,0.8105185854405449,0.3026989702951496,5.746607065200806
SHAP-based,Arbitrary,139,118.27641855365171,0.8815076923076923,0.7363402522149572,0.5281982284035618,5.5398101806640625
SHAP-based,Arbitrary,140,81.93149088622744,0.8744564102564103,0.7617187165291148,0.3570412891760342,7.4611194133758545
SHAP-based,Arbitrary,141,74.29362169675974,0.8844410256410257,0.6845354249569086,0.2947596862161263,6.542162895202637
SHAP-based,Arbitrary,142,82.5114899611711,0.9143384615384615,0.7450827125468468,0.3457100762002883,7.292163848876953
SHAP-based,Arbitrary,143,79.64626188848538,0.9625025641025641,0.8604230543693693,0.18074562150460727,7.290017604827881
SHAP-based,Arbitrary,144,79.48369443454375,0.8916307692307692,0.7093994199582635,0.29951732148389576,6.290900707244873
SHAP-based,Arbitrary,145,135.0693839839142,0.8648358974358974,0.6322170255226077,0.662180816138944,6.871464252471924
SHAP-based,Arbitrary,146,67.09743874102867,0.9653282051282052,0.8779580030503655,0.13354660806466445,5.204716682434082
SHAP-based,Arbitrary,147,88.36853810721851,0.919876923076923,0.7559300254772565,0.2690283992931359,6.579723596572876
SHAP-based,Arbitrary,148,70.96477440829766,0.8971384615384616,0.7829809494224703,0.30918342425775724,5.360679388046265
SHAP-based,Arbitrary,149,105.79473737616536,0.9421897435897436,0.8163521510354108,0.31755173270272624,5.514798879623413
